url,titulo,texto,status,local,data_hora,problem_type,product_type,category,texto2
https://www.reclameaqui.com.br/brastemp-consul/titulo_Ascs9n9qH59E7BAF/,[Editado pelo Reclame Aqui],"te induzem ao erro e cobram de você, absurdo",,Florianópolis - SC,06/08/2024 às 13:06,Eletrodomésticos,Secadora de roupa e centrífuga,Assistência técnica,"Consideração final do consumidor
06/08/2024 às 13:53
[Editado pelo Reclame Aqui]
O problema foi resolvido?
Não resolvido
Voltaria a fazer negócio?
Não
Nota do atendimento
0"
https://www.reclameaqui.com.br/brastemp-consul/maquina-de-lavar-louca_nXQASR8mnVmt4Uzh/,Máquina de lavar louça,"comprei uma lava-louca no Zaffari Bourbon dia 11/07 e dia 12/07 vi que tinha defeito, fui no Zaffari Bourbon para pedir a troca, não trocaram e mandaram que procurasse a Brastemp. Procurei a Brastemp e autorizada. levaram 2 vezes para a oficina autorizada pela Brastemp e voltou pior do que foi. sem funcionar e vazando agua, inclusive alagou minha cozinha. fora isso os tecnicos estiveram em minha casa mais duas vezes. A lava-louca ainda esta na Brastemp.peço providencias urgente.",,Porto Alegre - RS,04/08/2024 às 15:05,--,--,--,"Consideração final do consumidor
07/08/2024 às 12:55
Não resolveram . Preciso da lava-louça. Comprei . Levaram e não devolveram mais, pior nem deixaram uma ordem de serviço. Nunca mais deram o ar da graça
O problema foi resolvido?
Não resolvido
Voltaria a fazer negócio?
Sim
Nota do atendimento
0"
https://www.reclameaqui.com.br/brastemp-consul/garantia-demorada_WXn-rOiPlaTt6kGw/,Garantia demorada,"Ontem dia 01/08 entrei em contato para receber serviços da garantia, pois comprei uma máquina dia 11/05 e hj 01/08 já deu problema, e a assistência autorizada mais próxima fica a 100 km d onde moro sendo assim diz q viriam só no dia 10/08...

Agora como fico 10 dias sem uma máquina de lavar, sendo q tenho crianças pequenas um absurdo isso",,Jataí - GO,02/08/2024 às 12:11,Não encontrei meu problema,Lavadora de roupas e Tanquinho,Assistência técnica,"Consideração final do consumidor
06/08/2024 às 10:29
Só quero atendimento, q resolva o problema da minha máquina, s comprei e pq preciso
O problema foi resolvido?
Não resolvido
Voltaria a fazer negócio?
Não
Nota do atendimento
0"
https://www.reclameaqui.com.br/brastemp-consul/assistencia-tecnica-agenda-e-nao-aparece_HY_QEk19ten4d-pu/,Assistência técnica agenda e não aparece,"Geladeira inverter brastemp com 1,5 ano parou de refrigerar.
Por ter sido comprada garantia de mais 3 anos, foi acionada assistência técnica em São Paulo, conforme:
Data: 25jul
Protocolo *******
OS: 44137771

Agendaram para o sábado 27/jul às 10:30. Não compareceram e ao ligar informaram que o carro quebrou.

Na segunda ligamos novamente e disseram que estavam buscando nova data.
Na quarta, disseram que viam quinta 01/08 na hora do almoço. Não vieram e não deram mais satisfação.

O que devemos fazer Brastemp??",,Recife - PE,02/08/2024 às 10:11,--,--,--,"Consideração final do consumidor
05/08/2024 às 21:47
Uma recomendação para os consumidores: Não contratem garantia estendida. A seguradora não vai mandar a assistência autorizada do fabricante. Vai mandar empresas de baixa qualidade terceirizadas, que o fabricante (nesse caso a Brastemp) nem conhece. Precisei acionar a Brastemp diretamente, que mesmo após 1 ano da garantia me atendeu com rapidez e de forma gratuita.
O problema foi resolvido?
Resolvido
Voltaria a fazer negócio?
Sim
Nota do atendimento
10"
https://www.reclameaqui.com.br/brastemp-consul/brastemp-nao-tem-qualquer-respeito-com-o-consumidor_rFxno7KRkApDUmsk/,BRASTEMP NAO TEM QUALQUER RESPEITO COM O CONSUMIDOR,"Tive a infelicidade de efetuar uma compra pelo site da BRASTEMP dia 02/07 de uma máquina de lavar e um refrigerador. A máquina de lavar foi entregue dia 05/07, porém o refrigerador ainda consta em separação.
Tenho buscado solucionar o problema junto a empresa desde o dia 12/07, mas não obtive retorno.
Registrei reclamação no Reclame Aqui, SAC e PROCON.
Recebi um e-mail com o remetente ATENDIMENTO PROCON informando que iria analisar a razão do produto não ter sido integrado ao pedido. Como constava remente ATENDIMENTO PROCON, julguei se tratar de uma resposta do órgão, quando então respondi solicitando ajuda para entrega emergencial. Porém, horas depois percebi que o email era na verdade do SAC da própria empresa, o que considerei um descaso e um desrespeito sem precedentes, uma vez que, sendo um retorno do setor responsável em resolver o problema, era para ter sido apresentada uma solução de imediato e não que o caso ainda seria analisado. Logo, retifique a mensagem, solicitando o cancelamento. Entrei no site de compras e tambem fiz o cancelamento quando informaram que receberia retorno em 48 horas. Ocorre que nada ainda foi feito. Em constantes contatos via WhatsApp e chat, o retorno que obtive era de que, como havia registrado reclamacao no PROCON, o SAC não poderia me dar informações e teria que aguardar contato e assim, sigo até hoje, sem geladeira para armazenar meus alimentos e com o limite do meu cartão de crédito comprometido porque a BRASTEMP não processa o cancelamento a compra.
É inacreditável o que está acontecendo. Uma afronta ao Código de Defesa do Consumidor. Não bastasse a empresa vender um refrigerador que é considerado produto essencial e não entregar ainda NAO CANCELA a compra, impedindo o consumidor de adquirir outro produto.
O que a empresa está promovendo ulltrapassa a caracterização de mero erro de procedimento para inquestionável [Editado pelo Reclame Aqui], beirando a criminalidade. Os setores de atendimento estão achincalhando o cliente, pois, as respostas são sempre inúteis e claramente procrastinatorias",,Rio de Janeiro - RJ,01/08/2024 às 21:56,Eletrodomésticos,Geladeira-Refrigerador,Mau Atendimento,"Consideração final do consumidor
06/08/2024 às 19:29
Não resolvem o problema, apenas procrastinam. Atendimento péssimo.
O problema foi resolvido?
Não resolvido
Voltaria a fazer negócio?
Não
Nota do atendimento
0"
https://www.reclameaqui.com.br/brastemp-consul/parou-de-funcionar_RlIQ7MQgHyFnI1-o/,parou de funcionar,"Minha geladeira parou de funcionar do nada, entro em contato com o número 30030099 fala que o número não está disponível, faz 1 mês e pouco que eu comprei essa geladeira paguei 3 mil reias e ninguém me atende.",,São Paulo - SP,01/08/2024 às 14:51,Eletrodomésticos,Geladeira-Refrigerador,Assistência técnica,"Consideração final do consumidor
06/08/2024 às 09:46
bom
O problema foi resolvido?
Resolvido
Voltaria a fazer negócio?
Sim
Nota do atendimento
10"
https://www.reclameaqui.com.br/brastemp-consul/geladeira_AR1UTxKcVFhADqP7/,Geladeira,"Comprei a Geladeira de R$ 4899,00 no dia 09/06/2024 com garantia estendida de R$ 307,91 um total de R$ 5206,91. Recebi a mercadoria no dia 18/06/2024 (terça feira), deixei a geladeira parada sem mexer conforme descrito no manual para que o gás estabilize, no dia 20/06/2024 (quinta feira) segui as orientações do manual para ligar a geladeira que não funcionou, veio e na primeira tentativa não funcionou, posteriormente entrei em contato para pedir a troca, o atendimento foi para que eu solicita-se o reparo, no atendimento afirmaram que a geladeira ficaria nova pq trocaria a peça com defeito, pois a solicitação da troca demoraria pelo menos 90 dias e eu ficaria muito tempo sem geladeira. Devido essas informações segui conforme orientada, no dia 27/06/2024 consegui solicitar o agendamento, no dia 02/07/2024 veio o técnico que olhou e falou que o compressor precisava trocar e que iria pedir a peça, tendo um prazo de recebimento da peça de mais 15 dias, a segunda visita ocorreu no dia 22/07/2024 (20 dias após a primeira visita) nessa segunda visita o técnico que veio falou que não era apenas o compressor, mas que também tem um vazamento e que a geladeira veio sem gás. teria que pedir outra peça além do compressor, mais 10 dias para a segunda peça, hoje já faz esses 10 dias e não temos retorno de ninguém. Conforme código de defesa do consumidor quero uma geladeira nova imediatamente, pois já são 44 dias sem geladeira e nenhuma assistência competente, nenhum auxilio da marca do produto, nada. Ou o meu dinheiro de volta.",,Alto Paraná - PR,31/07/2024 às 17:10,Eletrodomésticos,Geladeira-Refrigerador,Não gela,"Consideração final do consumidor
06/08/2024 às 14:57
Horrível, muito ruim mesmo em todos os aspectos. Falta de respeito com o consumidor. Não estou pedindo favor, paguei e não foi barato.
O problema foi resolvido?
Não resolvido
Voltaria a fazer negócio?
Não
Nota do atendimento
0"
https://www.reclameaqui.com.br/brastemp-consul/lavadora-bnf10-estragada-em-menos-de-01-mes_EypQK7BoqRNCFY_s/,Lavadora BNF10 estragada em menos de 01 mês,"Comprei uma lavadora de roupas Brastemp para substituir a que perdi nas enchentes aqui de POA e pra minha surpresa ela estragou em menos de 30 dias. Menos de 30 dias de uso e ela fica travada num ciclo, mesmo desligando a máquina. O painel não responde os comandos. Foi comprada nas Lojas Taqui que me disseram ser necessário o contato com a Brastemp, pois fiz o contato pelo terrível atendimento via robôs e até agora não tive nenhum retorno. Não tenho mais a menor confiança na marca e gostaria do meu dinheiro de volta e a devolução deste produto.",,Porto Alegre - RS,31/07/2024 às 12:15,Eletrodomésticos,Lavadora de roupas e Tanquinho,Má qualidade,"Consideração final do consumidor
07/08/2024 às 09:31
Desconsidera o inciso 3 do CDC diante dos danos em componentes essenciais que diminuem a qualidade do produto. Só repetem o que lhes interessa do CDC. Por fim vendem produtos de baixíssima qualidade sem nenhuma proteção aos direitos do Consumidor.
O problema foi resolvido?
Não resolvido
Voltaria a fazer negócio?
Não
Nota do atendimento
0"
https://www.reclameaqui.com.br/brastemp-consul/pos-venda-2_txWY6uvMuB4enGOv/,Pós venda 2,"Depois de ter uma solução satisfatória para um problema pós venda em um refrigerador, dei uma nova oportunidade a Brastemp na compra de uma secadora para a minha filha. Recebi um e-mail (anexo) avisando que a mercadoria estava em rota de entrega em 30/7 e posicionei a minha filha para não sair de casa, pois o recebimento dependia dela no local. O dia passou e nada da entrega acontecer. Diante disso, já não podemos ter certeza quando a entrega acontecerá, independente das mensagens enviadas pela Brastemp. Previsão de mais stress à frente..",,Sorocaba - SP,31/07/2024 às 08:05,Eletrodomésticos,Secadora de roupa e centrífuga,Atraso na entrega,"Consideração final do consumidor
07/08/2024 às 14:13
Atendimento rápido e eficiente - problema resolvido!
O problema foi resolvido?
Resolvido
Voltaria a fazer negócio?
Sim
Nota do atendimento
9"
https://www.reclameaqui.com.br/brastemp-consul/geladeira-comprada-a-vista-no-site-veio-com-defeito-mas-empresa-nao-tem-tel_J8Ooii-ZZ-0W703s/,Geladeira comprada a vista no site veio com defeito mas empresa não tem telefone fixo de atendimento e compradora ficou sendo atendida pela autorizada incompetente.,"Prezada Brastemp,

Venho, por meio desta, manifestar minha profunda insatisfação com a recente compra de uma geladeira pelo site da Brastemp. Adquiri o produto à vista, na expectativa de receber um item de qualidade, conforme a reputação que a marca sempre sustentou. No entanto, a geladeira apresentou um barulho imenso desde sua instalação, comprometendo seu funcionamento adequado e a tranquilidade do meu lar.

Para agravar a situação, o atendimento presencial realizado pela empresa autorizada pela Brastemp no bairro de Botafogo foi insatisfatório e não solucionou o problema. Como cliente fiel da Brastemp há mais de 20 anos, sempre confiei na qualidade dos produtos e no suporte oferecido pela empresa. A empresa pode verificar o histórico de compras realizadas sob o CPF ******* para confirmar minha lealdade.

É com grande constrangimento que relato que fui tratada de maneira desrespeitosa, especialmente considerando que minha moradia é um pequeno e humilde quartinho. Essa experiência negativa me deixou extremamente decepcionada e envergonhada.

Diante disso, solicito a devolução integral do valor pago pela geladeira e que a Brastemp providencie a retirada do produto, adquirido no ano passado. Ressalto que, em 2019, também comprei um fogão Consul automático à vista, mas durante a pandemia não consegui abrir nenhuma reclamação a respeito de problemas que surgiram.

Como consumidora que vive com apenas um salário mínimo, reforcei minha confiança na marca ao juntar o dinheiro necessário para essas aquisições. É essencial que as empresas reconheçam a importância de valorizar seus consumidores e tomem medidas para reparar os problemas encontrados em seus produtos.

Aguardo uma resposta urgente e uma solução definitiva para esta situação.

Atenciosamente,",,Rio de Janeiro - RJ,30/07/2024 às 21:49,Não encontrei meu problema,Geladeira-Refrigerador,Má qualidade,"Consideração final do consumidor
05/08/2024 às 17:15
Atendimento muito ruim para quem vai defender uma empresa que parece ser solidária com as pessoas em ajudar. Triste mesmo
O problema foi resolvido?
Não resolvido
Voltaria a fazer negócio?
Não
Nota do atendimento
0"
https://www.reclameaqui.com.br/brastemp-consul/maquina-de-lavar-com-problema_GP2wAVTX81RNtnRi/,Máquina de lavar com problema.,"Brastemp não resolve máquina de lavar com três semanas e desde o primeiro dia já veio com problema. Técnico já esteve várias vezes e o mesmo indicou não ter conserto e a Brastemp só enrola.
Solução nada.",,Palhoça - SC,30/07/2024 às 18:26,--,--,--,"Consideração final do consumidor
05/08/2024 às 17:34
Insatisfeito com Brastemp que só enrolou. Precisei reclamar aqui para ligarem pra mim. Gostaria de devolver a máquina mas tudo que fazem é me enrolar. Enrolar ,enrolar. Ninguém fala amos resolver.
Fabricam uma máquina que roupa sai encharcada na centrifugação onde o técnico deles disse estar com problema. Insatisfeito !!!Brastemp nunca mais.
O problema foi resolvido?
Não resolvido
Voltaria a fazer negócio?
Não
Nota do atendimento
0"
https://www.reclameaqui.com.br/brastemp-consul/maquina-de-lavar-loucas-nova-com-painel-riscado_Avs4UA8NnUUAImMW/,Máquina de lavar louças nova com painel riscado,"Comprei uma máquina de lavar louças 10 serviços no site da Brastemp. A mesma veio com o painel arranhado. Solicito o reparo urgente, pois trata-se de uma produto novo.",,Goiânia - GO,30/07/2024 às 17:16,Eletrodomésticos,Lava louças,Riscada-Manchada,"Consideração final do consumidor
03/08/2024 às 11:53
Resolvido.
O problema foi resolvido?
Resolvido
Voltaria a fazer negócio?
Sim
Nota do atendimento
10"
https://www.reclameaqui.com.br/brastemp-consul/gelafeira-brastemp-3-portas_Fn4ltrk8t594x4xh/,Gelafeira Brastemp 3 portas,"Comprei uma geladeira Brastemp 3 portas pela Internet nas lojas Colombo.Recebi a tal geladeira no dia 05/07 sexta-feira, no sábado a tarde notei que os alimentos que eu tinha colocado dentro dela não estavam refrigerados e nem os que eu tinha colocado no congelador.Na segunda, dia 08/07 entrei em contato com a loja falando o ocorrido, disse que queria troca do produto,pois não funciona. Para minha surpresa a atendente disse que teria que entrar e. Contato com o técnico para verificar o ocorrido, relutei muito, pois não faz sentido uma geladeira nova estar estragada. De lá para cá, só incomidaçao,fui no Procon, reclame aqui, sobre a loja Colombo, vários e-mails e nada. Chegado o dia da visita do tal técnico ( escolhido e enviado pela própria loja), ele simplesmente disse que não entende dessa tecnologia, pous é uma geladeira nova. Solicitou troca de vários equipamentos dela, claro que não aceitei ( ele disse ainda que a chegada das peças demoraria uns 20 dias). Ligo para a loja Colombo, quem diz que alguém atende.
Hoje, 25/07 estou ainda sem geladeira nova. A atendente da assistência técnica ainda me disse que tenho que estar atenta so celular, pous a Brastemp poderá me ligar caso não atenda três tentativas, será cancelado minha solicitação, trabalho, não tenho como atender sempre os telefonemas!!
Já não aguento mais, pous a pouco sofri com uma enchente e e. Virtude disso comprei a tal geladeira nova !!!!
Aguardo a troca do equipamento!!",,Guaíba - RS,30/07/2024 às 16:43,--,--,--,"Consideração final do consumidor
02/08/2024 às 12:51
Nada resolvido!
O problema foi resolvido?
Não resolvido
Voltaria a fazer negócio?
Não
Nota do atendimento
0"
https://www.reclameaqui.com.br/brastemp-consul/geladeira-inverse-3-sem-conserto_zHgj0CuXxEH8It6I/,Geladeira inverse 3 sem conserto,"Brastemp não resolve o problema da geladeira inverse 3.
Comprei 2 geladeiras e vieram as gavetas totalmente desalinhas e não fecham, já foi para assistência 3 vezes e não tem solução! 3 ordens de serviços abertas, 01/03/2024 - 07/04/2024 - 29/07/2024 - a geladeira não tem conserto, temos 2 idosos na casa a geladeira dispara o alarme todo vez porque a a gaveta não fecha, acarretando perda de alimentos! BRASTEMP vocês precisam resolver o problema, e não adianta mandar técnico, porque os mesmos já avisaram que não há mais o que fazer, não tem solução.",,São Paulo - SP,30/07/2024 às 13:16,Eletrodomésticos,Geladeira-Refrigerador,Má qualidade,"Consideração final do consumidor
01/08/2024 às 10:48
Meu problema ainda não foi resolvido!
O problema foi resolvido?
Não resolvido
Voltaria a fazer negócio?
Não
Nota do atendimento
0"
https://www.reclameaqui.com.br/brastemp-consul/assistencia-tecnica_-RAjlurvRgMqMJxJ/,Assistência técnica,"Comprei um lava louças da BRASTEMP. Ela ainda está na garantia.
A máquina começou a piscar todas as luzes e não ligar. Entrei no site e solicitei assistência. Demoraram quase 10 dias para vir ver a máquina. Resolveram levar ela e estão há 10 dias sem dar uma resposta. Só dizem que ainda não há parecer. Falaram que iam dizer o problema 2 dias depois. Depois pediram mais 1 semana. Novamente pedi um prazo para pelo menos dizer o problema só visualizam e não respondem.
Como a assistência é autorizada da BRASTEMP e foi a própria marca que encaminhou diretamente a essa assistência, é de inteira responsabilidade da empresa.",,Campo Grande - MS,30/07/2024 às 11:46,Eletrodomésticos,Lava louças,Assistência técnica,"Consideração final do consumidor
02/08/2024 às 17:34
Atendimento da empresa é bom. O atendimento da autorizada é pessimo.
O problema foi resolvido?
Resolvido
Voltaria a fazer negócio?
Não
Nota do atendimento
5"
https://www.reclameaqui.com.br/brastemp-consul/engracado-ao-cliente_S-Kz-mZHNaum-O7r/,Engraçado ao cliente....,"Meu nome e Raquel, tenho uma geladeira na cor inox,moro em são Caetano do Sul https://******* geladeira deu problema... chamei assistencia técnica autorizada da Brastemp......Paguei 70 reais pro rapaz vim fazer orçamento eo laudo..... Porque já passou faz tempo da garantia de um ano.... Ocorre que no laudo feito pelo autorizada da Brastemp falou que não tenha mais feito de conserto...não tem reparo https://******* fábrica em conversar com a atendente Dioquele, né falou do programa de troca https://******* que eu só poderia fazer a compra só site deles da https://******* falei pra ela que não queria pq não tinha dinheiro e também no site o mesmo produto geladeira igual a minha tava bem mais caros que outras https://******* me falou que só daria 15%de desconto e nada https://******* falei que é inviável pq não tem lógica eu pagar mais caro e ser obrigado a comprar no site de vcs e dar a geladeira com defeito pra tem os 15% de desconto https://******* não tem a peça na fábrica https://******* pra ela que no site tem o mesmo produto igual só muda o cóhttps://******* é uma enganação ao cliente....querendo enganar bobo https://******* quero o conserto da minha geladeira.....a Brastemp e a fabricante da peça ....fabricou minha geladeira não existe outra fábrica https://******* absurdo.....forçar o cliente pra pagar mais e falar que não tem peça bando de https://******* no saque hoje e a moça falou mesma coisa https://******* é https://******* geladeira ..... Brastemp fazendo produtos pra durar pouco tempo de uso e quando quebra ainda forçar o cliente a comprar uma nova e devolver a quebrada alegando que não tem peça .......",,São Paulo - SP,30/07/2024 às 10:57,Não encontrei meu problema,Geladeira-Refrigerador,Má qualidade,"Consideração final do consumidor
03/08/2024 às 16:25
Forçando o cliente a comprar outro produto.....e nada de resolver o conserto da minha geladeira....e
O problema foi resolvido?
Não resolvido
Voltaria a fazer negócio?
Não
Nota do atendimento
0"
https://www.reclameaqui.com.br/brastemp-consul/geladeira-nova-tecnico-nao-resolveu_2yP5kqLgewemsnbe/,Geladeira nova tecnico não resolveu,"Comprei uma geladeira no magazine Luiza
Ela já veio com problema, só esfriava e não gelava, pensei que eu estava sem saber operar.
Veio uns amigos em casa e falou q já tinha comprado da mesma geladeira e veio com o mesmo problema!
O técnico veio em casa e falou q o problema foi no manuseio e nada resolveu e foi embora.
Tenho 70 anos perdi medicamentos alimentos e nada de resolver o meu problema só empurrando!
Um alerta nunca mais compro nada destas duas empresas! O técnico falou q viria pela manhã só chegou às 18:00 uma piada",,São Paulo - SP,30/07/2024 às 10:49,Não encontrei meu problema,Geladeira-Refrigerador,Não gela,"Consideração final do consumidor
03/08/2024 às 10:48
Demorou para resolver
O problema foi resolvido?
Resolvido
Voltaria a fazer negócio?
Sim
Nota do atendimento
8"
https://www.reclameaqui.com.br/brastemp-consul/geladeira-inverse-443-parou-de-funcionar_uamb83uZ8yPA7R6t/,GELADEIRA INVERSE 443 PAROU DE FUNCIONAR,"COMPREI UMA GELADEIRA DIRETO NA FÁBRICA DA BRASTEMP (CNPJ EMITIDO NA NF 62.058.318/0012-33) CUJA NOTA FISCAL FOI EMITIDA EM 31/08/2023. PRODUTO SAIU DO CENTRO DE DISTRIBUIÇÃO DE ALHANDRA-PB.
NO DIA 24/07/2024 (MENOS DE 11 MESES DE USO) O REFRIGERADOR DA GELADEIRA PAROU DE FUNCIONAR, E AÍ COMEÇOU MEU CALVÁRIO EM PERDA DE ALIMENTOS E STRESS.
CONTACTEI A BRASTEMP QUE ABRIU UM CHAMADO PARA UM TÉCNICO DA ASSISTÊNCIA AUTORIZADA IR EM MINHA RESIDÊNCIA. A VISITA TÉCNICA SÓ FOI AGENDADA PARA O DIA 27/07/2024.
O TÉCNICO ENVIADO PELA ADVANCE REFRIGERAÇÃO CUJO CNPJ É O 02.411.179/0001-03 INFORMOU QUE A GELADEIRA ESTAVA COM DEFEITO NA PEÇA CHAMADA CAPA DO EVAPORADOR E QUE A MESMA DEVERIA SER TROCADA (A GELADEIRA ESTÁ EM GARANTIA).
CONTINUO PERDENDO ALIMENTOS E HOJE, 30/07/2024, LIGUEI NOVAMENTE PARA A BRASTEMP, ONDE FUI INFORMADA QUE EU DEVO TER PACIÊNCIA PORQUE O PRAZO PARA CHEGADA DA PEÇA PARA SUBSTITUIÇÃO SÃO 10 DIAS ÚTEIS.
PERGUNTEI QUAL A SOLUÇÃO DESTA FÁBRICA TÃO CONCEITUADA ACERCA DE UM PROBLEMA DESSE NÍVEL ONDE UM CLIENTE QUE ADQUIRIU UM BEM CARO (R$4.600,00) E UM BEM DE EXTREMA NECESSIDADE PARA UMA FAMÍLIA?
A RESPOSTA DA ATENDENTE FOI QUE NÃO HÁ O QUE FAZER E SIM ESPERAR A CHEGADA DA PEÇA. SIGO PERDENDO ALIMENTOS DIARIAMENTE, EXTREMAMENTE INSATISFEITA COM A BRASTEMP E SEM CONFIANÇA NENHUMA COM A GELADEIRA QUE CONFORME O TÉCNICO PODERÁ APRESENTAR NOVAMENTE ESTE DEFEITO.
SOLICITEI A TROCA DO PRODUTO POR UM NOVO E FUI INFORMADA QUE É IMPOSSÍVEL.
CADÊ O DIREITO DO CONSUMIDOR?
QUE CULPA EU TENHO DO PRODUTO TER VINDO COM DEFEITO DE FABRICAÇÃO?
AGUARDO PROVIDÊNCIAS URGENTES DA BRASTEMP.
GRATA,
JOANDA",,Lagoa do Itaenga - PE,30/07/2024 às 08:41,--,--,--,"Consideração final do consumidor
02/08/2024 às 08:12
DESCASO TOTAL E FALTA DE RESPEITO.
HOJE É DIA 02/08 E SIGO SEM GELADEIRA DESDE O DIA 24/07 E SEM PREVISÃO DE SOLUÇÃO. TODOS OS DIAS DESCARTO ALIMENTOS NO LIXO.
O problema foi resolvido?
Não resolvido
Voltaria a fazer negócio?
Não
Nota do atendimento
0"
https://www.reclameaqui.com.br/brastemp-consul/geladeira-sem-possibilidade-de-reparo_Z5ajAmFpBYiQelRC/,Geladeira sem possibilidade de reparo,"Protocolo da autorizada:*******

Minha Geladeira Brastemp preta inverse 422 litros, hoje 29/07/2024, recebi a visita do técnico que informou que o possível problema da geladeira era de vazamento interno do gabinete por isso estava vazando o gás e que o valor para o teste era 400 reais, porém a autorizada não teria como fazer o reparo, já tenho a geladeira há 7 anos, porém ela está em ótimo estado, mas quanto a responsabilidade social da empresa não existe?? Ou seja, serei obrigado a comprar uma geladeira nova, pois a Brastemp está fabricando geladeiras com impossibilidades de reparo, a Brastemp acha que é fácil descartar uma geladeira?? Eu desejo que a Brastemp solucione de alguma forma meu problema.",,Fortaleza - CE,29/07/2024 às 22:34,Eletrodomésticos,Geladeira-Refrigerador,Assistência técnica,"Consideração final do consumidor
05/08/2024 às 15:30
Primeiro que minha geladeira foi adquirida em 2017, sei que está fora da garantia, o absurdo que acho é a Brastemp programar uma geladeira para dá defeito irreversível, vazamento no gabinete interno, ao qual a tubulação é interna, a Brastemp não pensa na responsabilidade ambiental, porém já encaminhei pra uma assistência técnica do mercado para ser feito uma tubulação externa. Há uma década a tubulação era de cobre , ou seja, bem mais resistente, agora é alumínio que é mais frágil e ainda a tubulação é interna, mas enfim nosso planeta está pedindo socorro por essa situação, o lixo eletrônico aumentando cada vez mais. Reclamação por mim tá encerrada, não terá solução mesmo.
O problema foi resolvido?
Não resolvido
Voltaria a fazer negócio?
Não
Nota do atendimento
5"
https://www.reclameaqui.com.br/brastemp-consul/sac-informacao-incorreta_YmdN9muTzUy0I5RK/,SAC - informação incorreta,"No dia 06/05/24 liguei no SAC da Brastemp e falei com a atendente Lorrayne pelo protocolo 1001.469.637. A geladeira que comprei é uma BRE.85.AK e vi que ela era maior que a porta do apartamento. Perguntei sobre assistência técnica autorizada da própria marca e se tinha custo para eles desmontarem as portas e entregarem dentro do apartamento. Ela disse que não tinha custo.
Hoje dia 29/07/24 na assistência informaram o valor de R$500,00 pelo serviço.
Liguei a pouco novamente no SAC Brastemp e falei com a atendente Silvia pelo protocolo 1001.539.301 informando o ocorrido. No começo ela disse que eu poderia solicitar uma auditoria da gravação, porém depois pediu para esperar e disse que eu tinha que pagar pelo serviço.
Falei que queria a auditoria da conversa e um pouco mais grossa insistiu que eu tinha que pagar.
Comprei geladeira, forno eletrico, forno microondas, adega, tudo da Marca Brastemp. Sempre tivemos dessa marca e fizemos questão de ter tudo novo de novo.
E ficamos muito instisfeitos com esse tipo de atendimento.",,São José do Rio Preto - SP,29/07/2024 às 17:41,Problemas com o Atendimento,Equipe de Atendimento,Mau Atendimento,"Consideração final do consumidor
02/08/2024 às 16:35
O manual diz, a lei diz, então ensina os seus funcionários a não mentirem para os clientes.
O problema foi resolvido?
Não resolvido
Voltaria a fazer negócio?
Sim
Nota do atendimento
4"
https://www.reclameaqui.com.br/brastemp-consul/geladeira-com-barulho-no-motor_ceU8iMvagRmAQIvP/,Geladeira com barulho no motor,"Adquiri este mês julho de 2024 uma geladeira Brastemp 447 litros BRE57FB . Entrei em contato com o SAC para reclamar do barulho muito alto no motor. Fui informado que não e possível a troca por ter passado dos 07 dias da compra. Tentei explicar que não tinha como saber do problema do barulho comprando pela internet. Se soubesse deste problema, não compraria. Não existe ouvidoria para que o meu problema seja resolvido, apenas informam que devo entrar em contato com a assistência técnica",,São Paulo - SP,29/07/2024 às 14:37,Eletrodomésticos,Geladeira-Refrigerador,Má qualidade,"Consideração final do consumidor
06/08/2024 às 15:20
Confiei na marca pois já comprei outros produtos. Gostaria que ao invés do conserto fosse oferecido a troca do mesmo mas infelizmente não é desta forma que Brastemp enxerga a satisfação do cliente.
O problema foi resolvido?
Não resolvido
Voltaria a fazer negócio?
Não
Nota do atendimento
3"
https://www.reclameaqui.com.br/brastemp-consul/cooktop-de-inducao-nao-funciona_-lRTxSgCn8_v6Rof/,Cooktop de indução não funciona,"Venho por meio deste site postar minha indignação com a empresa Brastemp.
Comprei um cooktop de indução modelo BDJ62AEBNA que não está funcionando corretamente.
O produto tem 2 defeitos graves:
1 - Só esquenta a parte do meio da boca de indução.
2 - A boca de indução não funciona com panelas menores que o tamanho máximo da indução, mesmo o manual informando que deveria funcionar.
Relatei o problema há mais de 2 meses e a Brastemp simplesmente ignorou o que está ecrito no manual do produto.

Tentei de todas as maneiras pedir o conserto do fogão, mas agora vou acionar a empresa judicialmente.

Vergonha a Brastemp não se preocupar com os clientes, abri diversos protocolos e dei provas que o produto não funciona corretamente e está na garantia.",,Niterói - RJ,29/07/2024 às 14:33,Problemas com o Atendimento,Equipe de Atendimento,Mau Atendimento,"Consideração final do consumidor
01/08/2024 às 10:05
Como descrito acima, apresentei o problema para a Brastemp, mas a mesma não quis resolver.
Uma decepção por se tratar da Brastemp, agora é aguardar a decisão judicial.
O problema foi resolvido?
Não resolvido
Voltaria a fazer negócio?
Não
Nota do atendimento
0"
https://www.reclameaqui.com.br/brastemp-consul/fogao-mesa-de-inox-enferrujando_mPqv0HZUUBzuATdl/,FOGAO - MESA DE INOX ENFERRUJANDO,"Bom dia, essa é a minha segunda reclamação a respeito do fogão que recebi no dia 07 de Junho (Fogão Brastemp 5 Bocas Cor Inox Com Botões Removíveis E Exclusivo Aro Protetor - BFS5NCR BIVOLT). Reclamei aqui com um mês de uso do fogão no ID: 192189253 e não solucionaram o meu problema, a assistência técnica quis remediar o que trata-se de um defeito da mesa de INOX da brastemp. Em resumo, dei de presente a minha mãe este fogão tão esperado por ela (já que usava um fogão muito antigo por anos). Antes da compra insisti para que ela escolhesse o fogão com a mesa de vidro da ELETROLUX, mas ela preferiu o de inox da brastemp, pois já estava acostumada. E que arrependimento! Pior compra que já fiz na vida!
Com 15 dias de uso manchas começaram a aparecer, mesmo ela seguindo todas as recomendações do manual do fabricante e para piorar, as manchas estão amarelando e com aspecto de ferrugem o que caracteriza defeito do produto (fotos anexo). Na reclamação do ID: 192189253, a solução que me deram era passar um produtinho que eliminasse as manchas, SENDO QUE novas manchas aparecem a cada cozimento. Ou seja, querem remediar um defeito de fábrica. Solicitei a troca do produto pela mesa de vidro (ainda que eu precisasse retornar algum valor) visto que só tinha um mês de uso, mas disseram que não poderiam fazer mais nada, pois eu rejeitei a generosa assistência deles de passar um produtinho. Eu quero o meu dinheiro de volta, seja pelo reclame aqui ou pela justiça em defesa ao consumidor. Enquanto não me fornecem uma solução plausível para o meu problema estarei abrindo novas reclamações, para que sirvam de provas junto ao processo. Agradeço desde já.",,São Gonçalo - RJ,29/07/2024 às 08:22,Eletrodomésticos,Fogão-Forno,Produto com defeito,"Consideração final do consumidor
30/07/2024 às 10:01
Estão usando de mentira, alegando que a assistência técnica ofereceu a opção de troca da peça, quando na verdade ofereceram a limpeza das manchas. A Brastemp é a pior empresa que já conheci em se tratando de qualidade e do produto e relação com os seus clientes
O problema foi resolvido?
Não resolvido
Voltaria a fazer negócio?
Não
Nota do atendimento
0"
https://www.reclameaqui.com.br/brastemp-consul/a-maquina-mastiga-a-roupa_zRa6kyxU0fKVSr41/,A MÁQUINA MASTIGA A ROUPA,"Comprei uma Brastemp 13kg em janeiro desse ano, sempre lavo roupas misturadas , em março coloquei somente cuecas do meu marido e uma saiu simplesmente toda rasgada , pensei que poderia tá rasgada e eu não tinha visto hoje coloquei novamente cuecas para lavar e simplesmente DESTRUIU uma cueca! Aconteceu com 2 calcinhas minha tbm, não sei se é por causa q são peças menores, gostaria de um técnico para me ajudar , já perdi 4 peças de roupa.",,Natal - RN,28/07/2024 às 15:26,--,--,--,"Consideração final do consumidor
01/08/2024 às 12:10
Enviaram um técnico aqui, fizeram o que podiam
O problema foi resolvido?
Resolvido
Voltaria a fazer negócio?
Sim
Nota do atendimento
8"
https://www.reclameaqui.com.br/brastemp-consul/maquina-de-lavar__SpM-fyvXJQb9--v/,Máquina de lavar,"Boa tarde estou decepcionada com a Brastemp e com a magazine Luiza tenho uma máquina Eletrolux resolvi trocar pela brastemp pesquisei bastante minha mãe tem uma máquina Brastemp elogio bastante resolvi trocar pela Brastemp comprei na loja do magazine só que a máquina veio fazendo um barulho estranho ela nao faz a agitação direto na hora de lavagem pedi a troca
Um atendente me ligou falando que iria mandar um técnico fazer a a vistoria da máquina marcou um horário ( a máquina estava embalada para fazer a troca ) tive que desembalar de novo para o técnico para ele verificar só que ele chegou b depois do horário que falaram que ele iria entrei em contato com a magazine avisando que o tecno não veio o atendente foi extremamente irônico falando que não tinha culpa estava parecendo que eu estava pedindo um favor coisa que meu direito o produto não veio em bo. Estamos pedir a troca aí para dar tudo errado a transportadora mas enfim o técnico veio depois e disse que estava normal ela não está boa preciso da troca estou muito decepcionada muito mesmo",,São Paulo - SP,28/07/2024 às 15:19,Não encontrei meu problema,--,Má qualidade,"Consideração final do consumidor
02/08/2024 às 12:15
experiencia boa
O problema foi resolvido?
Resolvido
Voltaria a fazer negócio?
Sim
Nota do atendimento
10"
https://www.reclameaqui.com.br/brastemp-consul/lava-loucas-14-servicos-brastemp-nao-cabe-prato_GMNJCvf3o_vx0MUs/,Lava louças 14 serviços Brastemp - não cabe prato!,"Eu comprei em dezembro de 2022 uma lava louças Brastemp 14 Serviços Brastemp Preta com Ciclo Pesado - BLF14BE_OUT 110V.
A época possuíamos um conjunto de pratos de cerâmica artesanal (que eu nem sabia, eram menores do que os comuns, porém não são mais fabricados) e usamos a máquina de lavar sem problemas com os mesmos.
Qual a minha surpresa, um ano depois, quando se fez necessária a compra de novos pratos, em descobrir que a máquina não suporta pratos rasos comuns!
O limite de espaço é de 25cm e não encontro no mercado pratos menores de 26,5cm. Já procurei em tudo quanto é lugar, dos mais baratos aos mais caros.
Não sei o que fazer
Como fabricam uma lava louças que não cabe pratos?",,Rio de Janeiro - RJ,28/07/2024 às 10:26,--,--,--,"Consideração final do consumidor
05/08/2024 às 11:57
O atendimento foi bom, a pessoa foi muito respeitosa e cordial. Porém não resolve o fato de no momento eu possuir uma lava-louças que não lava pratos.
O problema foi resolvido?
Não resolvido
Voltaria a fazer negócio?
Não
Nota do atendimento
5"
https://www.reclameaqui.com.br/brastemp-consul/descumpre-lei-ao-recusar-agendamento-de-entrega_embTJjGsCeGW0r5-/,Descumpre lei ao recusar agendamento de entrega,Fiz uma compra que será entregue em uma casa vazia. Entrei em contato 2x via chat para solicitar o agendamento da entrega conforme orientação descrita no site da empresa porém os atendentes se recusam a realizar o agendamento.,,Osasco - SP,27/07/2024 às 16:12,Eletrodomésticos,Fogão-Forno,Atraso na entrega,"Consideração final do consumidor
06/08/2024 às 14:41
Ainda tivemos algumas dificuldades, porém o problema foi resolvido.
O problema foi resolvido?
Resolvido
Voltaria a fazer negócio?
Sim
Nota do atendimento
8"
https://www.reclameaqui.com.br/brastemp-consul/prateleira-da-brastemp-com-vicio-oculto_SjR1XFZI_F-F_wUU/,Prateleira da Brastemp com vício oculto,"Adquiri uma geladeira Brastemp há quatro anos. Sempre era higienizada pela faxineira. Quando hoje fui limpar, reparei que entre o vidro e o suporte plástico está cheio de fungo. E não é possível limpar. Não se desencaixa. Fiz uma reclamação pelo telefone e a atendente Aycila disse que eu teria que pagar visita técnica. Um absurdo já que é um vício oculto do produto.
Peço reparação.",,Vila Velha - ES,27/07/2024 às 12:00,--,--,Má qualidade,"Consideração final do consumidor
05/08/2024 às 15:02
Sempre é bom saber as reais intenções da empresa.
O problema foi resolvido?
Não resolvido
Voltaria a fazer negócio?
Não
Nota do atendimento
5"
https://www.reclameaqui.com.br/brastemp-consul/compra-com-instalacao_s5V69UOg4UQkopuW/,Compra com Instalação,"Comprei uma maquina de lavar roupas e paguei junto com o produto um serviço de instalação. Acatei todas as instruções após a chegada do produto e não tive retorno do serviço executado pela assistência tecnica em minha cidade. Queriam me cobrar novamente, não tinham disponibilidade, e por fim um mês depois de eu ter pedido o reembolso recebo uma ligação agendando a instalação da máquina que tive que pagar para outro prestador de serviço executar o serviço que eu já havia pagado por ele. Uma decepção e falta de alinhamento de informação entre o site Brastemp que ofereceu a venda do serviço e a assistência técnica autorizada. Uma bagunça!",,Belo Horizonte - MG,26/07/2024 às 20:50,Problemas com o Atendimento,Equipe de Atendimento,Mau Atendimento,"Consideração final do consumidor
30/07/2024 às 13:18
m
O problema foi resolvido?
Resolvido
Voltaria a fazer negócio?
Sim
Nota do atendimento
5"
https://www.reclameaqui.com.br/brastemp-consul/troca-geladeira_TJjZMR3U-1K2F_0U/,Troca Geladeira,"Boa tarde!

Solicitei a troca da minha geladeira que veio com defeito e fui informada que a troca iria ser simultânea.
Hoje, recebi a geladeira mas o motorista se recusou a levar a outra embora.
Resumindo: Estou com DUAS geladeiras na minha casa ocupando o meu espaço.

Fora que, eu me disponibilizei HOJE para receber a geladeira para resolver o meu problema e agora tenho o problema em dobro.

Por favor resolvam o meu o meu problema pq já estou cansada dessa situação e eu não estou a disposição da brastemp pra ficar esperando a hora que vcs quiserem. Anexo conversa que tive no dia 10 de julho e a conversa que tive hoje com a atendente.

Estou exausta dessa situação.",,São Paulo - SP,26/07/2024 às 15:54,Eletrodomésticos,Geladeira-Refrigerador,Atraso na entrega,"Consideração final do consumidor
06/08/2024 às 12:38
Demorou, mais solucionou.
O problema foi resolvido?
Resolvido
Voltaria a fazer negócio?
Sim
Nota do atendimento
10"
https://www.reclameaqui.com.br/brastemp-consul/tentando-fazer-uma-compra-online-e-nao-aprovam-cancelam-a-compra_KB6BBX9KKwKGSpRs/,Tentando fazer uma compra online e não aprovam cancelam a compra.,"Faz dias que estou tentando fazer a compra da geladeira
BRO85AB

Geladeira Brastemp Frost Free French Door A+++ 554 litros Branca - BRO85AB

E Cancelam Debitam Do Cartão e Depois cancelam a Compra e Estorna o Valor Debitado Do Cartão Sem Explicação Alguma Não É Autorizado não dão explicação. Isso é constrangedor.",,Maceió - AL,26/07/2024 às 11:49,--,--,--,"Consideração final do consumidor
29/07/2024 às 11:12
Vou tentar a compra novamente e espero que esteja resolvido o problema.
O problema foi resolvido?
Resolvido
Voltaria a fazer negócio?
Sim
Nota do atendimento
10"
https://www.reclameaqui.com.br/brastemp-consul/geladeira-de-3-meses-parou-de-funcionar_VkVm-aj7H3KT2avd/,Geladeira de 3 meses parou de funcionar,"Comprei uma geladeira em abril/2024 e, no dia 05/07/2024, ela parou de funcionar, tanto refrigerador quanto freezer. Resultado: perdi toda a comida que estava armazenada e congelados que estavam no freezer. A Brastemp demorou 3 semanas para resolver o problema e, durante todo este tempo, fiquei sem poder armazenar qualquer alimento perecível e tendo gastos extraordinários com alimentação. Além disso, por orientação da própria Brastemp e conforme me autoriza o Código de Defesa do Consumidor, solicitei restituição dos valores pagos pelos alimentos que estragaram. Para minha surpresa, a Brastemp aprovou um valor inferior a 10% das minhas perdas, chega a ser engraçado para não dizer trágico. Eu, obviamente, não aceitei e precisarei entrar com as medidas judiciais cabíveis. Nunca mais compro nada da Brastemp.",,São Paulo - SP,26/07/2024 às 10:39,Eletrodomésticos,Geladeira-Refrigerador,Não gela,"Consideração final do consumidor
01/08/2024 às 11:13
Em momento algum, a Brastemp cumpriu o Código de Defesa do Consumidor e nunca formalizou por escrito o valor que me ofereceram a título de ressarcimento (de uma compra de mais de R$200,00 foram oferecidos R$24,00).
O problema foi resolvido?
Não resolvido
Voltaria a fazer negócio?
Não
Nota do atendimento
0"
https://www.reclameaqui.com.br/brastemp-consul/estorno-do-valor-do-produto-cancelado_tCJ18GjpEbnrrN9Y/,Estorno do valor do produto cancelado,"Prezados,

Realizei uma compra no site da Brastemp de uma geladeira, escolhemos a opção de frete mais rápido devido a necessidade que tínhamos de chegar de forma rápida o produto. Passando os dias estipulados pelo site, a produto não chegou, desta forma ligamos para Brastemp para saber o que aconteceu. A empresa nos informou que não tinha o produto em estoque, ofereceu outros produtos, na qual não aceitamos.
Desta forma pedimos o cancelamento da compra no dia, mesmo após cancelado ainda tentaram entregar o produto, informamos que a compra havia sido cancelada a dias.
Foi enviado e-mail informando que o produto tinha sido cancelado e que estornaria o dinheiro.
Parcelamos o produto no cartão de credito em 4x, já paguei 03 parcelas e até hoje não me restituíram os valores.
Já realizei diversa ligações, os atentes me atenderam-me de forma ríspida e sem solucionar meu problema alegando que o erro está relacionado na parte financeira da empresa, esse mês termino de pagar a geladeira, sendo este um produto cancelado por falta de estoque da empresa, me sinto lecionado de forma financeira e moral e a empresa demostrando nenhum compromisso com o cliente.

Protocolo:*******

Aguardo com urgência o retorno e restituição do valor.",,Vitória - ES,25/07/2024 às 22:34,Eletrodomésticos,Geladeira-Refrigerador,Estorno do valor pago,"Consideração final do consumidor
02/08/2024 às 09:55
Demorou muito tempo para resolver algo simples.
O problema foi resolvido?
Resolvido
Voltaria a fazer negócio?
Sim
Nota do atendimento
10"
https://www.reclameaqui.com.br/brastemp-consul/nao-presta_mKJfyiedDj4IeLaA/,Não presta,"Boa noite estou a 3 semana tentando realizar o cadastro no programa mais top e não funciona já passei várias horas ligando para o tal de 0800 e é pior que a fila de atendimento do INSS pelo canal do whatsapp é sempre a mesma desculpa que a culpa é do IP do aparelho que a senha tem que ser redefinida, já troquei tantas vezes de senha que já estou usando até em coreano e chinês. Detalhe para as outras marcas concorrentes que funciona para o vendedor não tem vantagem nenhuma em recomendar essa marca para os clientes.",,Toledo - PR,25/07/2024 às 19:24,--,--,--,"Consideração final do consumidor
04/08/2024 às 11:59
Problema resolvido
O problema foi resolvido?
Resolvido
Voltaria a fazer negócio?
Sim
Nota do atendimento
3"
https://www.reclameaqui.com.br/brastemp-consul/brastemp-se-recusa-a-fazer-a-troca-de-glp-para-gn-se-o-consumidor-nao-fizer_qN1gGacB3yd_cUwV/,Brastemp se recusa a fazer a troca de GLP para GN se o consumidor não fizer a instalação com eles.,"Solicitei a conversão do meu cooktop de GLP para GN e também a instalação dele no meu apartamento que está em obras e por isso não moro nele atualmente. Foi agendado para o dia 24 de Julho com a GOLD SERVICE COMERCIO DE PECAS E SERVICO no período da tarde, fui para o apartamento nesse dia, o apartamento não é perto de onde moro atualmente então o custo para me deslocar para o apartamento é elevado).
Fiquei esperando a tarde toda e umas 16:30 ligo na assistência e eles me informam que não vão poder ir, ou seja, gastei tempo e dinheiro para ir para o apartamento para nada. Remarco para o dia seguinte e, no dia seguinte, eles realmente foram. O técnico abriu o cooktop que estava embalado e, quando foi colocar no nicho da pedra, ele estava entrando muito no limite apesar do nicho estar com a medida correta de 53x35 como indica o site e o manual, o técnico disse que é melhor não forçar a entrada e que o cooktop deveria entrar com bastante folga.(aparentemente o correto seria o manual dizer que o nicho deveria ser 54x37 para ficar com 0.5cm de sobra de cada lado).
Como não foi possível fazer a instalação eu pedi para somente fazer a conversão de GLP para GN e a instalação eu faria depois que o pessoal que instalou a pedra aumentasse um pouco o nicho(pediria para alguém da comgas fazer já que eles devem ir no apartamento alguns dias depois). O técnico se recusou a fazer a conversão e ainda disse que como ele não fez a instalação eu seria cobrado pela visita e, posteriormente, eu teria que pagar novamente para fazer a conversão + instalação junto.

No site do produto em nenhum momento está dizendo que eu sou obrigado a fazer os dois juntos, muito pelo contrário, em praticamente todos os lugares indica que a conversão é gratuita independente da instalação ou não. Se eu soubesse que a conversão era tão burocrática eu teria comprado um cooktop próprio de GN. Eu quero que a Brastemp não me cobre essa visita(que não foi feito nada) e faça a conversão do meu cooktop(gratuitamente como diz o site).",,Campinas - SP,25/07/2024 às 18:07,Eletrodomésticos,Cooktop,Assistência técnica,"Consideração final do consumidor
06/08/2024 às 13:33
O técnico veio no dia combinado e fez a conversão do cooktop como acordado.
O problema foi resolvido?
Resolvido
Voltaria a fazer negócio?
Sim
Nota do atendimento
10"
https://www.reclameaqui.com.br/brastemp-consul/maquina-de-lavar-loucas-veio-com-defeito_v54PmfUThof3Oa-S/,Maquina de lavar loucas veio com defeito,"Comprei uma máquina de lavar louças da Brastemp de 8 serviços e não consigo utilizar pois veio com defeito. O Led dia-a-dia fica piscando.
Marquei um técnico no site da Brastemp para 25/07 na parte da manhã. O técnico não veio e não fez nenhum contato para informar q não viria. Liguei na assistência técnica da Brastemp e lá fui informado que não tinha técnico disponível e que só poderia agendar para o dia 30, próxima terça sendo que nesse dia já terá ultrapassado o prazo de desistência do produto que comprei pela internet, que é de 7 dias. Preciso que solucionem meu problema com urgência, pois mal comprei a máquina que era para facilitar e já estou tendo problemas com ela.",,Rio de Janeiro - RJ,25/07/2024 às 15:15,Não encontrei meu problema,Lava louças,Assistência técnica,"Consideração final do consumidor
31/07/2024 às 15:08
Infelizmente meu caso não foi resolvido. Estou desde o dia da instalação da máquina tentando solucionar o problema (24/07), a Brastemp não me deu nenhuma solução e os técnicos que agendei por três vezes nunca compareceram em minha residência, com um completo descaso. Por tudo isso, optei por pedir o cancelamento da compra no prazo de desistência junto à loja onde adquiri o produto que eu tanto queria, mas não comprei uma marca de boa qualidade como eu esperava que fosse.

O atendente da Brastemp foi bastante cordial, mas não faz sentido tentar reagendar assistência técnica para consertar um produto que já veio com o defeito de fábrica e que nunca foi utilizado, e me fazer esperar por tanto tempo até apresentarem uma resposta. É um completo descaso com o consumidor. A preferência mesmo é cancelar e ter meu dinheiro de volta pra comprar uma Electrolux.
O problema foi resolvido?
Não resolvido
Voltaria a fazer negócio?
Não
Nota do atendimento
3"
https://www.reclameaqui.com.br/brastemp-consul/sem-assistencia-tecnica-prestada_leFx3BnivwwUng2-/,Sem assistencia tecnica prestada,"Estou a mais de 2 meses tentando acionar a garantia da minha lava louças que encontra-se com defeito, depois de muita insistencia no dia 09/07 o tecnico compareceu a minha residencia e disse que precisaria pedir peças e a Brastemp entraria em contato comigo para retirar a maquina, no dia 19/07 as 10:28 eles me ligaram dizendo que estariam indo busca-la, avisei que estaria em casa e a mesma ja se encontrava desconectada só aguardando a retirada, enfim, não foram buscar e na terça 23/07 mandaram um email encerrando o atendimento, como se ja tivesse solucionado o problema, liguei para la e falaram que em 2 dias entrar em contato e nada. Minha garantia acaba 08/2024 e eles não resolvem o problema, achei que não precisaria mas vou ter que entrar com uma ação contra a Brastemp.",,Duque de Caxias - RJ,25/07/2024 às 15:02,Eletrodomésticos,Lava louças,Assistência técnica,"Consideração final do consumidor
01/08/2024 às 11:37
Tentando por meses atendimento de autorizada
O problema foi resolvido?
Não resolvido
Voltaria a fazer negócio?
Não
Nota do atendimento
1"
https://www.reclameaqui.com.br/brastemp-consul/entrega-pecas-geladeira_fdr7T7S6nPVleX-X/,Entrega peças geladeira,"Fiz uma compra dia 06/07 de gaveta de legumes e tampa da gaveta. O prazo de entrega absurdo de demorado era 24/07. Como precisava comprei mesmo assim e torcendo pra entrega antecipar. Hoje é dia 25/07 e ainda não recebi a mercadoria.
Ao falar no sac só cai no robô que não te dá um retorno satisfatório, te mandando pra um link de rastreio que mostra que minha entrega está atrasada e sem a informação da entrega.",,Nova Lima - MG,25/07/2024 às 14:32,Eletrodomésticos,Geladeira-Refrigerador,Atraso na entrega,"Consideração final do consumidor
05/08/2024 às 11:27
Os canais de atendimento direto com a empresa são apenas via robô. Ruim ter que entrar no reclame aqui para conseguir solucionar os problemas. Mas pelo menos foi resolvido. Informaram que irão extornar o frete.
O problema foi resolvido?
Resolvido
Voltaria a fazer negócio?
Sim
Nota do atendimento
7"
https://www.reclameaqui.com.br/brastemp-consul/produto-errado_4YaRRsR4_2YAEWsC/,Produto ERRADO,"Eu comprei um Frigobar Retrô da Brastemp no dia 05/7 à vista e no dia 13/07 foi entregue um Frigobar Consul. E ai começa o transtorno, pois vc liga para pedir a troca manda fotos, videos, aguarda 48h ou mais e ninguém responde, ninguém te retorna ligação. Hoje quase fazendo 15 dias continuo tentando e sem retorno. Já são varios protocolos e ninguém resolve nada! Isso é um absurdo, um descaso com o consumidor. Com certeza será minha ultima compra com a Brastemp pq fiquei com medo, pq o que tudo indica é que não temos suporte no pós venda. Ah os atendentes no pós venda são maravilhosos eles tem intenção em ajudar, mas o setor responsável para resolver é péssimo. Registro aqui minha indignação!",,Carmo - RJ,25/07/2024 às 13:44,Não encontrei meu problema,Frigobar,Produto errado,"Consideração final do consumidor
06/08/2024 às 20:21
Resolveu rápido, apos a reclamação no reclame aqui!
O problema foi resolvido?
Resolvido
Voltaria a fazer negócio?
Sim
Nota do atendimento
9"
https://www.reclameaqui.com.br/brastemp-consul/geladeira_Y6m41DLFt4UlWOI1/,Geladeira,"Comprei uma geladeira tem 03 meses com menos de um mês a mesma estava descongelando entrei em contato com a assistência técnica foi agendado uma visita mais não foram no dia agendado somente depois quando não estava em casa , passou um tempo e agora a mesma está fazendo barulhos ANORMAIS desta forma entrei em contato mais uma vez com a assistência técnica onde foi agendado uma visita hoje , meu esposo saio do trabalho para acompanhar. A visita ao entrar em contato com autorizada a mesma desmarcou a visita a de hoje segundo a mesma por não ter vaga sendo que foi agendado por eles mesmo para a data de hoje , é reagendando para somente dia 01/08 me diga se tenho condições de está com uma geladeira nova dando problemas desde de comprada tentei resolver com a autorizada indicada pela Brastemp mais não estou tendo o suporte nescesario quero resolução do meu problema pois estou pagando caro pela mesma.",,Aracaju - SE,25/07/2024 às 13:42,Eletrodomésticos,Geladeira-Refrigerador,Fazendo muito barulho,"Consideração final do consumidor
03/08/2024 às 18:29
Não resolvem meu problema
O problema foi resolvido?
Resolvido
Voltaria a fazer negócio?
Não
Nota do atendimento
0"
https://www.reclameaqui.com.br/brastemp-consul/transportadora-informa-que-a-entrega-sera-realizada-mas-no-dia-estipulado_nLgklXoOrzcbiYKx/,"Transportadora informa que a entrega será realizada, mas no dia estipulado, não a realiza.","Adquiri uma geladeira no site da Brastemp em 18/07/24. O prazo máximo da entrega seria 8 dias úteis.

Ocorre que no dia 22/07/24, a transportadora Whirlpool compareceu à minha residência às 11h22m e enviou mensagem nesse horário informando que a entrega seria feita às 11h33m. Não estava em casa. Contudo, às 11h30m, conforme registro da própria transportadora e filmagens da minha câmera pessoal, os entregadores encerraram a tentativa.

Ainda no dia 22/07/24, a Brastemp enviou um e-mail para mim informando que a entrega seria feita até o dia seguinte (23/07/24). No dia 23/07, a transportadora Whirlpool entrou em contato telefônico comigo aduzindo que a entrega não seria realizada naquele dia, sem, todavia, dar uma justificativa plausível. Na referida ligação, a atendente garantiu que a geladeira seria entregue em 25/07/24.

Por precaução, entrei em contato no dia 24/07/24 com a transportadora, oportunidade em que me foi confirmado que a entrega ocorreria no dia 25/07/24, no intervalo comercial entre 8h e 17h.

Hoje (25/07/24), pedi folga do trabalho para receber a geladeira e, por cautela, liguei novamente para a Whirlpool, a fim de saber se a geladeira já estava em rota. Para o meu descontento, a empresa afirmou que a entrega não seria realizada hoje, e sim amanhã (26/07/24).

É impossível confiar na nova previsão dada pela empresa, já que essa não tem compromisso com os prazos que estipula e que cria [Editado pelo Reclame Aqui] expectativa no cliente de receber um bem tão essencial, quanto uma geladeira. Além do embaraço criado pela folga que pedi do trabalho só para garantir o recebimento do bem, cuja entrega foi frustrada por desleixo da empresa.

Não há, ademais, justificativas para a demora na entrega da geladeira, uma vez que ela está em Fortaleza pelo menos desde segunda-feira de manhã. Solicito que a entrega seja realizada o quanto antes.",,Fortaleza - CE,25/07/2024 às 13:14,Eletrodomésticos,Geladeira-Refrigerador,Atraso na entrega,"Consideração final do consumidor
02/08/2024 às 12:41
A empresa compensou de forma muito satisfatória o estresse causado pela demora na entrega.
O problema foi resolvido?
Resolvido
Voltaria a fazer negócio?
Sim
Nota do atendimento
10"
https://www.reclameaqui.com.br/brastemp-consul/lamento_cGT1epaaTOh7A0vg/,Lamento,"Boa tarde ! Possuo 1 fogão embutir 4 bocas ,bem antiga( quality grill) , então resolvemos comprar outra , infelizmente não nos preocupamos em ver as medidas do novo fogão , simplimente vimos q é mesa de inox e 4 bocas . Recebemos o fogão , a surpresa , fogão 10cm menor , nao só na largura, mas em geral ! Conversei com a Brastemp, deram a opção do 5 bocas , tbem não serve , enfim , tive que devolver !
Estou aqui me lamentando por vcs terem mudado tanto nas medidas , e nós consumidores não ter opções .
Mesa de vidro , tbem uma opção que me desagrada, por isto me animei em comprar o de inox ! Sem mais ! Obrigada !",,São Paulo - SP,25/07/2024 às 11:18,--,--,--,"Consideração final do consumidor
27/07/2024 às 17:13
Infelizmente no momento não resolveu meu problema ! Mas agradeço pela Brastemp ter me respondido ! Obrigada
O problema foi resolvido?
Não resolvido
Voltaria a fazer negócio?
Sim
Nota do atendimento
8"
https://www.reclameaqui.com.br/brastemp-consul/reparo-incompleto_KN9exLNXe-4J7l_Z/,Reparo incompleto,"Dia 19/07/2024 Foi feito um serviço de substituição de peças na máquina de lavar, porém faltou a substituição dos pés da máquina, que o técnico ficou de trazer dia 22/07. O que ainda não aconteceu. Entrei em contato pelo whatsapp da assistência e não obtive nenhuma resposta.",,Fortaleza - CE,25/07/2024 às 11:04,Não encontrei meu problema,Lavadora de roupas e Tanquinho,Assistência técnica,"Consideração final do consumidor
30/07/2024 às 09:01
Horrivel
O problema foi resolvido?
Resolvido
Voltaria a fazer negócio?
Não
Nota do atendimento
0"
https://www.reclameaqui.com.br/brastemp-consul/geladeira-inverter-estraga-em-11-meses_8m-Rw75orJP5nqVK/,Geladeira inverter estraga em 11 meses,"Comprei uma geladeira frost free inverser, caríssima e estragou em menos de um ano. Além disso, acionei a garantia, veio a empresa Mega Service de Curitiba, serviço horrível, não respondem no whats, não atendem o celular e estou sem geladeira a quase 3 semanas. Gastando horrores pq não consigo fazer e guardar comida.
Inacreditável, deveria ter comprado Electrolux.",,Curitiba - PR,25/07/2024 às 10:26,Eletrodomésticos,Geladeira-Refrigerador,Má qualidade,"Consideração final do consumidor
06/08/2024 às 21:14
Resolvido, mas o atendimento da empresa autorizada é horrível. E honestamente, uma geladeira de quase 5k dar problema em 11 meses não dá.
O problema foi resolvido?
Resolvido
Voltaria a fazer negócio?
Não
Nota do atendimento
2"
https://www.reclameaqui.com.br/brastemp-consul/maquina-de-lavar-roupa_LWAor_M_hgyLieVk/,Maquina de lavar roupa,"Comprei uma lavadora frontload e para a minha indignação a função de pré lavagem só funciona se usada com sabão em pó, o dispenser não vem com uma estrutura que mantenha o sabão líquido em função lavagem e pré lavagem. Que vergonha! Uma máquina de mais de 3000. Reais . Como pode vir a função e para usar ser dessa forma. Brastemp nunca mais!!!!!! P piorar ainda tive que pagar a visita da assistência , porque eu não achava q nos dias de hoje, uma máquina desse valor tivesse um dispenser q não segurasse o sabão líquido.",,Rio de Janeiro - RJ,25/07/2024 às 09:33,Não encontrei meu problema,Lavadora de roupas e Tanquinho,Má qualidade,"Consideração final do consumidor
26/07/2024 às 17:03
Resposta pronta sem nenhuma preocupação em resolver o problema do cliente
O problema foi resolvido?
Não resolvido
Voltaria a fazer negócio?
Não
Nota do atendimento
3"
https://www.reclameaqui.com.br/brastemp-consul/instalacao-e-conversao-de-gas-gratuitas-nao-e-bem-assim_eKz9pxB4_vozVa6J/,Instalação e Conversão de Gás Gratuitas - Não é bem assim.,"Comprei um fogão na loja digital da Brastemp para ser utilizado no Rio de Janeiro com gás natural normalmente distribuído na cidade. O recebimento ocorreu dentro do prazo estipulado e o produto esta correto. Entretanto, o mesmo vem preparado para GLP. Fui informado que a conversão e instalação são gratuitas, bastando agendar no site a visita de uma assistência técnica. Procedi dessa forma e fiz o agendamento. Logo em seguida, recebi um Whatsapp da empresa PC COMERCIO E REPARACAO DE APARELHOS LTDA (Wiron - Zona Sul) me pedindo para enviar a Nota Fiscal, uma foto da etiqueta na embalagem do produto e informando que precisaria de um kit de instalação. Eu enviei os materiais solicitados e informei que tinha comprado o kit na Amoedo. Recebi nova mensagem informando que precisaria desembalar o fogão antes da chegada do técnico, pois caso o mesmo estivesse na embalagem seria cobrada uma taxa de R$ 128,00. Me desculpe, mas essa situação é muito estranha, se o fogão vem embalado e a conversão e instalação são gratuitas, a Brastemp através de suas assistências técnicas cobram para desembalar o produto que vem embalado de fábrica? Isso parece abuso do prestador de serviço. Adicionalmente, tentei de várias formas abrir uma reclamação na Brastemp pelo site ou telefone, mas não existem opções disponíveis. Acredito que essa ""instalação e conversão"" gratuitas não refletem a realidade. A experiência é muito ruim. Sou cliente da Brastemp faz muito tempo, mas agora a credibilidade da marca está comprometida. Descaso com o cliente.",,Rio de Janeiro - RJ,25/07/2024 às 09:08,Eletrodomésticos,Fogão-Forno,Assistência técnica,"Consideração final do consumidor
31/07/2024 às 14:12
A Brastemp não é transparente com os clientes, pois no momento da instalação supostamente gratuita, possibilidade ao prestador de serviço cobrar um valor por desembalar o produto. Ressalto que o produto não pode ser entregue sem ser embalado e o valor do serviço é quase superior à 10% do custo do produto - apenas retirar plásticos. Mesmo que isso esteja escrito em algum lugar do manual (não lemos antes de comprar), é uma absurdo e torna a instalação passível de cobrança, e, portanto, não é gratuita. Não se instala aparelhos embalados. Sugiro aos consumidores mais atenção e cuidado com a Brastemp. Não comprarei novamente produtos dessa marca.
O problema foi resolvido?
Não resolvido
Voltaria a fazer negócio?
Não
Nota do atendimento
2"
https://www.reclameaqui.com.br/brastemp-consul/nao-e-uma-reclamacao-apenas-o-relato-positivo-que-foi-realizado-a-manutenc_WOsu4neOiShX2hmX/,"Não é uma reclamação apenas o relato positivo, que foi realizado a manutenção no Painel digital do forno BOT84AR caído na parte de vidro.","Foi encerrado a reclamação sobre o Painel digital do forno BOT84AR caído na parte de vidro Brastemp. Não consigo fazer uma réplica ou uma avaliação sobre a empresa Brastemp.

Venho aqui relatar que a empresa Brastemp me deu todo o suporte e realizou a troca do painel do forno, constatando que foi o problema da peça e realizado a troca.

Agradeço ao reclame aqui e ao suporte da empresa Brastemp por ter solucionado a minha insatisfação, problema resolvido.",,São Paulo - SP,25/07/2024 às 06:35,Não encontrei meu problema,Forno elétrico,--,"Consideração final do consumidor
27/07/2024 às 07:37
Após algumas conversas a empresa ela entendeu que o problema não foi mal uso e foi problema da peça do painel do forno que descolou e foi feito todo reparo.
Estou satisfeito com a empresa.
O problema foi resolvido?
Resolvido
Voltaria a fazer negócio?
Sim
Nota do atendimento
10"
https://www.reclameaqui.com.br/brastemp-consul/maquina-de-lavar-com-defeito_a6Vg8-8-tjHSUcIk/,MAQUINA DE LAVAR COM DEFEITO,"No dia 12 de junho comprei uma máquina de lavar Brastemp 13 kilos pelo site da magazine luiza. Ao instalar a máquina vi no manual e fiz o passo a passo que indicavam . Na primeira lavagem percebi que a máquina ao encher começou a esvazia ,mesmo o mecanismo de esguichar água funcionando . Depois o painel começou a piscar como se eu tivesse pausado ou tivesse aberto a máquina .
Tirei da tomada ,deixei um tempinho e liguei novamente . A máquina continuou fazendo a mesma coisa . Mais uma vez desliguei , aguardei ,verifiquei a mangueira , o tubo,se estava infalso e tudo estava no lugar cartinho . Daí pus a máquina para centrifugar para sair toda a água . Esperei e comecei uma nova lavagem . Aí a máquina funcionou como deveria funcionar. Sendo que ao chegar na parte de centrifugar a máquina parou novamente e ficou com o painel piscando . Isso vem acontecendo todos os dias que tento usar a máquina . Comprei para facilitar minha vida e só estou tendo dor de cabeça . Disseram ter
Garantida mas não consigo entrar em contato. Não vou chamar um técnico por fora pois acho injusto eu ter um gasto com um produto que foi pago à vista no pix .Espero que resolvam meu problema . Estou muito decepcionada com a compra . Me dei de presente e está se tornando um pesadelo . Aguardo retorno para que possamos amigavelmente resolver esse problema . Tenho fotos e vídeos do problema
Da máquina , mas não consigo por aqui .",,Rio de Janeiro - RJ,24/07/2024 às 22:28,Não encontrei meu problema,Lavadora de roupas e Tanquinho,--,"Consideração final do consumidor
07/08/2024 às 12:02
A loja que eu comprei a máquina solucionou meu problema
O problema foi resolvido?
Resolvido
Voltaria a fazer negócio?
Sim
Nota do atendimento
8"
https://www.reclameaqui.com.br/brastemp-consul/lavadora-com-defeito__-H5dUeJPl2ZbR-T/,lavadora com defeito,"Comprei uma maquina lava e seca brastemp no dia 04/07, a maquina foi entregue no dia 05/07 porém com problema ao secar. Ela não seca as roupas, tentei colocar diversas configurações e não resolveu.

No dia 06/07 entrei em contato com a Brastemp solicitando assistência a qual foi agendada para dia 09/07 pela empresa gold service, a empresa cancelou a visita e reagendou para o dia 10/07 período matutino porém o técnico chegou na minha casa por volta das 14:30 e permaneceu até perto das 18:00, confirmou o defeito que eu havia relatado, mudou algumas configurações de lavagem e saiu da minha casa. Ao laudo técnico reportado para a Brastemp o técnico colocou que o problema havia sido resolvido e que era apenas erro de configuração da máquina. Entrei em contato com a Brastemp no dia 11/07 eles me informaram que o problema havia sido resolvido. Porém não foi. Brastemp orientou uma nova visita técnica que foi marcada para o dia 13/07, desmarcada pela empresa GOld service (assistência tecnica autorizada da brastemp) reagendada para dia 16/07 no período matutino porém as 11:00 me informaram via whats que o técnico não viria. Perdi períodos de trabalho aguardando assitência tecnica que não compareceu.

Solicitei devolução do produto no dia 10/07, via livelo onde eu havia adquirido o produto no dia 16/07 tive a devolutiva da livelo que a maquina seria recolhida. Neste dia encerrei contato com brastemp e gold service pois já tinham me informado que a máquina seria devolvida. No dia 18/07 vieram coletar sem me avisar e não foi coletado o produto, no dia 20 foi agendada uma nova coleta porém o coletador ao retirar a maquina raspou na parede e riscou a lateral, falou que não poderia levar devido a avaria. Entrei em contato com o SAC da fast shop foi agendada nova coleta e hoje o coletador não levou a maquina pois há uma ""avaria"" na tampa da maquina que não e compatível com batidas mas com a fixacão plástica da tampa na maquina. Diante da dificuldade em entregar um produto que esta com defeito de fábrica faço essa notificação via reclame aqui para que outros consumidores não sejam [Editado pelo Reclame Aqui] por estas marcas descritas aqui.",,Itajaí - SC,24/07/2024 às 17:06,Eletrodomésticos,Secadora de roupa e centrífuga,Assistência técnica,"Consideração final do consumidor
25/07/2024 às 17:57
Pessimo
O problema foi resolvido?
Não resolvido
Voltaria a fazer negócio?
Não
Nota do atendimento
0"
https://www.reclameaqui.com.br/brastemp-consul/transportadora-nao-cumpri-com-agendamento_E_vGV2ZfimlEzwZM/,Transportadora não cumpri com agendamento.,"Fiz a compra de uma lava roupa de 13kg, que em apenas 2 dias úteis (prometem até 5), tentaram a entrega em um sábado às 15, porém como a maioria dos edifícios não pode subir. Na segunda liguei na Brastemp para saber quando seria a segunda tentativa e me informaram que seria na segunda (22/07) com isso deixei uma pessoa o dia inteiro no apto esperando e não foi entregue.
Na própria segunda recebi uma mensagem por whats querendo agendar a entrega para apenas quarta feira (24/07), pois não tinham outro dia na rota. Aceitei mais deixei claro que meu edifício só pode subir das 8 às 16.
Porém fiquei o dia inteiro em casa, tive que solicitar uma folga sem poder. As 9 da manhã recebi mensagem novamente de um entregador perguntando se teria alguém no prédio, falei que já estava esperando e novamente informei do horário. As 15 mandei mensagem perguntando se conseguiriam entregar e respondeu que sim.
Ocorre que não chegaram e liguei na Brastemp que não entende que já tinha sido agendado o horário, querem falar que a política da empresa é até as 18hs.
Como política? Se meu edifício tem
Um regulamento de horário não tem como receber fora dele.
Tentei cancelar o pedido e pasmem informam que conseguiriam cancelar apenas após a recusa da transportadora e aí somente após sete dias teria o estorno do cartão.
E nisso que já estou sem máquina, teria que esperar mais de uma semana para conseguir comprar outra em outro local.
Agora preciso que tenha uma entrega agendada o mais rápido possível e que cumpram com o que falam, uma vez que já passsaram do prazo de 5 dias úteis na entrega, ou que eu tenha estorno do valor urgente para que eu possa comprar outra.
Pq além de não conseguir cancelar ainda não me deram uma data correta para entrega.",,São Paulo - SP,24/07/2024 às 16:38,Eletrodomésticos,Lavadora de roupas e Tanquinho,Atraso na entrega,"Consideração final do consumidor
02/08/2024 às 11:47
Problema resolvido e tive um bom atendimento, acredito que seria mais proveitoso para empresa ter mais acesso aos dias e rastreio das transportadoras, para que nao seja repassado ao cliente dias diversos.
O problema foi resolvido?
Resolvido
Voltaria a fazer negócio?
Sim
Nota do atendimento
9"
https://www.reclameaqui.com.br/brastemp-consul/informacao-de-entrega-do-produto_4JnDA1LRVPt-yebW/,[Editado pelo Reclame Aqui] INFORMAÇÃO DE ENTREGA DO PRODUTO,"Comprei uma Geladeira Frost Free Brastemp French Door 554 litros Inox BRO85AK 110 v no dia 17/07/2024. Me surpreendi com a rapidez da logística, me informando que a Geladeira já estava em rota de entrega no mesmo dia. No dia 20/07 (sábado) recebi via email e SMS até a localização com mapa, mostrando a rota e que o entregador já estava no Bairro Riacho das Pedras em Contagem. Eram 9:30 hs da manhã e que a Geladeira seria entregue às 12:30 hs. Passou o sábado inteiro e nada, o mapa permanecia da mesma forma e aparecia o entregador ainda lá no Riacho das Pedras. Quando foi segunda feira, recebi a mensagem via SMS e e-mail que a Geladeira já tinha sido entregue. No rastreamento informava o horário de entrega como sendo 6:42 hs da manhã do dia 22/07/2024 e uma fotografia de um papel contendo rotas e informações que não eram referente ao meu pedido. Fiquei muito preocupado achando que era [Editado pelo Reclame Aqui]. Enquanto eu entrava em contato via WhatsApp e no próprio site abrindo um chamado informando o problema (atendimento 0COR-20146411-F5H3L3) às 11:12 hs, minha amiga telefonou e conseguiu o telefone do que seria supostamente o entregador. Este disse que a geladeira não coube na van e que ele havia deixado no depósito para outro fazer a entrega, no entanto registrou como entregue para ele mesmo (inclusive ele se chama Edson e consta que a entrega ocorreu para Edson). Daí sem obter uma previsão e nenhum contato ou retorno da empresa, entrei em contato com a operadora de Cartão para cancelar a compra. Hoje já é dia 24/07 e não recebi nenhuma resposta da empresa, somente a comunicação da abertura da reclamação em 22/07. Pelo Watzap responderam com ironia sem dar nenhuma satisfação. A primeira compra que realizo através deste site e a decepção foi enorme. A sensação é de que é um site FAKE que aplica [Editado pelo Reclame Aqui].",,Belo Horizonte - MG,24/07/2024 às 12:26,Não encontrei meu problema,Geladeira-Refrigerador,--,"Consideração final do consumidor
02/08/2024 às 09:04
Ficou claro para mim que o problema com a informação da entrega não ocorreu por culpa da Brastemp, mas sim por uma falha humana no envio das informações da transportadora. Agradeço ao site Reclame Aqui pelo apoio e ao departamento responsável da Brastemp que trouxeram soluções rapidamente. Espero que a transportadora corrija essa brecha que permitiu esse equívoco nas informações.
O problema foi resolvido?
Resolvido
Voltaria a fazer negócio?
Sim
Nota do atendimento
7"
