url,titulo,texto,status,local,data_hora,problem_type,product_type,category
https://www.reclameaqui.com.br/electrolux/purificador-faz-muito-barulho_xYylp7YF2IORGZXj/,Purificador faz muito barulho,"Comprei o Purificador de Água Electrolux de Mesa Acqua Pure4x e estou decepcionado. O aparelho é extremamente barulhento, se durante o dia o barulho ja é alto, beber água no período da noite é acordar a casa inteira..
Como pode uma empresa desse tamanho não estudar o produto e tecnologia pra eficiência e redução de ruídos.
Estou completamente insatisfeito, não indico pra ninguém!",,São José dos Campos - SP,14/07/2024 às 11:57,Eletroportáteis,Bebedouros e Purificadores,Fazendo muito barulho
https://www.reclameaqui.com.br/electrolux/microondas-mi41s-descascando-nao-recomendo_I5i9GQaZeEuLYonn/,Microondas mi41s descascando! Não recomendo!,"Prezados,

Venho por meio desta manifestar minha insatisfação com o micro-ondas Electrolux MI41S, adquirido em 2017. Embora seja usado esporadicamente em minha residência e eu siga rigorosamente todas as recomendações do manual do fabricante para limpeza e conservação, o aparelho encontra-se em estado impecável, exceto pelo teto interno, que está descascando.

Acredito que esse problema seja resultado da baixa qualidade do material utilizado na confecção do eletrodoméstico, considerando que possuo um micro-ondas Brastemp, adquirido em 2008, que está em perfeito estado, exceto pela natural amarelação do plástico branco.

Solicito um posicionamento da Electrolux, pois, ao consultar meu CPF *******, poderão verificar que possuo diversos produtos da marca, como geladeira, forno elétrico, cooktop, coifa, lavadora e máquina de lavar louças. Sempre priorizei a Electrolux em minha casa e nunca tive problemas com nenhum aparelho, exceto este micro-ondas. A situação é frustrante e preocupante, pois agora preciso redobrar os cuidados para evitar a contaminação dos alimentos pelo material que está descascando.

Dado que o aparelho está em ótimo estado externo e interno, exceto pelo teto, não considero justo ter que substituí-lo e, portanto, espero uma solução adequada da empresa.

Devido ao meu horário de trabalho, tenho preferência por atendimento via WhatsApp.

Atenciosamente.",,Curitiba - PR,14/07/2024 às 11:42,Eletrodomésticos,Micro-ondas,Má qualidade
https://www.reclameaqui.com.br/electrolux/passadeira-a-vapor-gst10-vaporizador-se-desfez_WvEiyz57JV2mQ0NB/,Passadeira a vapor GST10 vaporizador se desfez,Ganhei de presente noivado um Vaporizador EletroluxGST10 e para a minha surpresa está semana a parte metálica do vaporizador estava solta. Ao olhar cibque os parafusos simplesmente soltaram pq o material plástico que encaixam eles SE ESFARELARAM DO NADA!um produto útil e caro inutilizado do nada! Gostaria de saber quais providencias posso tomar para ter meu produto funcionando. Att.,,Salvador - BA,14/07/2024 às 11:41,Não encontrei meu problema,Ferro de passar,Má qualidade
https://www.reclameaqui.com.br/electrolux/ar-condicionado-electrolux-ue09r-ui09r-quente-frio-9-000btus-nao-funciona_bZbtaEiE_zbpRqsC/,Ar Condicionado Electrolux UE09R/UI09R quente/frio 9.000Btus NAO FUNCIONA,"Bom dia!

Compramos 2 ar condicionados Electrolux UE09R/UI09R quente/frio 9.000Btus em Novembro/2023 e instalamos um em cada casa. Usamos normalmente até o mês de abril no modo frio. Em maio quando esfriou, colocamos no modo quente, em poucas horas ele parou de esquentar. Sem entender, ligamos o da outra casa também no modo quente e pra nossa supresa em poucas horas ele também parou de funcionar, simplesmente não esquenta mais e também não gela caso mude para frio, ele fica saindo vento em temperatura ambiente.

Na garantia, em cada uma das casas as assistências repararam cerca de 3 vezes ambos, todas as vezes em poucas horas eles pararam de funcionar novamente. As vezes trocavam peça, as vezes reparavam, fizeram de tudo para resolver. Sem aceitar mais um novo reparo, entrei em contato com a ELECTROLUX onde concordaram em dar 2 aparelhos novos, porém do mesmo modelo, iguais os que tínhamos. Após novas instalações feitas, ambos duraram cerca de 4 HORAS E PARARAM DE FUNCIONAR NOVAMENTE. Surreal, não sei o que esse modelo tem. Pelo que nos foi explicado pelas assistências, ele usa um novo gás e o duto onde esse gás passa, quebra/explode, causando vazamento. Troca o duto e ele quebra de novo, 1x 2x 3x 10x nitidamente um erro de projeto, pois tivemos 4 aparelhos apresentaram a mesma falha.

Entendemos que acontece, que faz parte. Mas perdemos a confiança na marca, queremos o nosso dinheiro de volta/ressarcimento ou a substituição por outro modelo. Não posso aceitar mais reparo ou troca por outro igual.

Um dos ar condicionados fica no quartinho de um bebê de 6 meses, compramos pra ele, e me forcei a comprar uma estufa devido ao ar condicionado instalado nunca ter funcionado mais de 3, 4 horas no modo quente até quebrar. Aguardo retorno.",,Montenegro - RS,14/07/2024 às 11:32,Não encontrei meu problema,Ar condicionado,Produto com defeito
https://www.reclameaqui.com.br/electrolux/falta-de-atendimento_Gj9yfNNS8SiG4Jq3/,Falta de atendimento,"Comprei um aspirador de pó em Fevereiro de 2024, por meio do site das Casas Bahia.
Com pouquíssimo uso, a mangueira rachou.
Em contato com as casas Bahia, se isentaram da responsabilidade, pois se passaram 95 dias da emissão da NF, e segundo as Casas Bahia a garantia legal do site é de 90 dias. Me orientaram a procurar a Electrolux.

Em contato com Electrolux, depois de muita burocracia para acessar a empresa, me informaram que a peça em questão possui garantia legal de 90 dias, mas o restante do mesmo produto possui garantia de 12 meses. Se passaram 95 dias da emissão da nota fiscal e o aspirador apresentou defeito.
O que me informaram é que caso eu queira, preciso entrar no site, comprar a mangueira e me virar pra trocar, pois não tem assistência técnica em minha região.
A minha vontade é de jogar esse aspirador fora e comprar outro, de outra marca.
Estou super decepcionada com o péssimo atendimento da Electrolux.",,Araporã - MG,14/07/2024 às 11:25,Eletroportáteis,Aspiradores e vassouras,Produto com defeito
https://www.reclameaqui.com.br/electrolux/aspirador-vertical-e-portatil_pCdDZULd2oZk8fCJ/,Aspirador vertical e portátil,"Comprei um aspirador de pó vertical portátil da Eletrolux e com 7 meses de uso, o aspirador parou de funcionar com pouco tempo de uso e um uso moderado. Fiquei decepcionada com a qualidade do produto. O motor simples parou do nada.",,Recife - PE,14/07/2024 às 09:56,Eletroportáteis,Aspiradores e vassouras,Má qualidade
https://www.reclameaqui.com.br/electrolux/cafeteira-nova-sem-peca_XOvqrCNbOf2jFP_X/,Cafeteira nova sem peça.,"Tenho uma cafeteira a qual vcs vende o mesmo produto, a mesma queimou a resistência levei p o conserto e vcs dizem q a peça não está disponível p conserto, liguei e uma atendente iria disponibilizar a peça, porém a linha caiu, liguei novamente, abriram um protocolo e nada resolvido, tentei ligar algumas vezes e não consegui, linha sempre ocupada. Queria uma solução.",,São Paulo - SP,14/07/2024 às 09:55,Eletroportáteis,Cafeteiras e Chaleiras,Falta de peças
https://www.reclameaqui.com.br/electrolux/geladeira-electrolux-parou-de-refrigerar_SPGqPNCQqblb5P_W/,Geladeira Electrolux parou de refrigerar,"Olá, comprei minha geladeira TF55S em 24/12/2021 e hoje 13/07/24 chamei o técnico da mesma para averiguar a não refrigeração na parte de cima e de baixo do produto e ele me disse que tem vazamento na estrutura interna do produto. E que a empresa não tem peças de reposição. Não me disse se foi mal uso e nem nada apenas me disse pra procurar uma pessoa da minha confiança para fazer uma tubulação de gás por fora para resolver meu problema. Fiquei chateada pois só de imaginar ficaria horrível esteticamente. Como uma empresa desse porte não tem peças de reposição dos produtos que fabrica?! E não tem solução pra nada ...",,Manaus - AM,14/07/2024 às 07:18,Eletrodomésticos,Geladeira-Refrigerador,Produto com defeito
https://www.reclameaqui.com.br/electrolux/maquina-extremamente-barulhenta_nrA-Xtku40alX9ln/,Maquina extremamente barulhenta,"Comprei uma maquina e com menos de 2 meses está fazendo um barulho absurdo de alto na centrifugação, gostaria que alguém viesse ver pessoalmente e resolver esse problema. Estou começando a ficar desanimado com meu produto.",,Cotia - SP,13/07/2024 às 20:52,Eletrodomésticos,Lavadora de roupas e Tanquinho,Assistência técnica
https://www.reclameaqui.com.br/electrolux/fogao_Fpla-m9HMU7xeyOD/,Fogão,"Comprei um fogão da Electrolux a 2 meses e o forno dele é horrível, leva mais de 3 hrs para assar qualquer coisa!
As bocas do fogão são péssima!",,Londrina - PR,13/07/2024 às 20:41,--,--,--
https://www.reclameaqui.com.br/electrolux/defeito-de-fabricante_B-N9VarS_llGTM_J/,defeito de fábricante,"No dia 11/03/2024, comprei um fogão da Eletrolux 4B branco - Modelo FE4IB, no valor de R$ 1.514,84, nas Lojas Cem da minha cidade.
Vale ressaltar que o modelo é de 4 bocas, sendo uma maior que fica do lado direito, atrás da boca dianteira.
Ocorre que, no dia 02/04/2024, usei pela primeira vez, o queimador maior que fica perto da tampa de vidro.
Qual não foi minha surpresa, ao fazer a limpeza no fogão, após a utilização da referida boca, ao constatar que parte do material plástico utilizado pra segurar a tampa de vidro, estava derretida.
Como pode o fabricante utilizar este tipo de material,(desses utilizados na fabricação de notebooks, aparelhos de telefone, etc.) na fabricação de um fogão?
Mas aí começaram os problemas. 'Os descasos com o cliente.
Liguei no mesmo dia para a fábrica da Eletrolux( fone: 0800.728.8778), onde , após explicar tudo o que houve, o atendente Rafael, que por sinal, não entendeu nada do que falei, e apenas se dignou em me passar o contato da Assistência Técnica aqui da minha cidade.
Liguei na Assistência Técnica no número******* e a visita somente foi agendada para o dia 17//04/2024, no periodo da tarde, mas devido ao meu horário de trabalho presencial, ela foi reagendada para o dia 23/04/2024.
No dia da visita, vieram 2 rapazes de 20 anos cada um +/-, aparentando não entender nada de fogão, mesmo eu explicando tudo o que havia acontecido. Eles acenderam a boca maior e constataram que a distancia entre a boca maior e o vidro, era de 5 cm.
Mas quando liguei na Assistência Técnica no dia seguinte, pq ninguém me retornou; dizendo que tinham enviado tudo pra Eletrolux, eu questionei qual tinha sido a conclusão dos rapazes, que viram o problema, e eles disseram que foi mal uso, que eu usei um panela muito grande. Que explicação é esta? No manual diz isso? Nunca ouvi dizer que tem que usar panela do tamanho certo. Meu Deus!!!!!
Segue anexo, detalhamento da visita e videos.
Aliás, se existe uma boca maior, é para poder preparar alimentos mais rápido; então pq o fabricante colocou na parte de trás do fogão? E próximo de uma área de material plástico?
E detalhe, não tem como mudar a boca de lugar, razão pela qual, até hoje não utilizo mais a boca maior. Quer dizer comprei um fogão de 4 bocas e uso só 3.
Em 24/04/2024, liguei novamente para a Eletrolux( 0800.728.8778 e 3004 8778) , onde passei o SVO n 17772486, que a Assistência me passou e ninguém retornou com nenhuma solução, nem sugestão.
Em 14/05/2024( 0800.728.8778), At. Nataly, Protocolo *******, iriam ligar entre 1 e 2 dias. Nunca retornaram. Completo descaso com o cliente e todos os atendentes falam qualquer coisa, pra se livrar do cliente. Sugeri que fizessem a troca por outro fogão e eu pagaria a diferença. Afinal está na garantia.
Ninguem retornou.
Em 21/05/2024, At. Alice, mesmo protocolo. Rapidamente tb, disse que iriam entrar em contato em até 1 dia útil(22/05), através dos DDDs 11 ou 41. Nada.
Em 11/06/2024, At. Ana Paula, mesmo protocolo, alegando que, pelo laudo técnico, foi mal uso do queimador. Solicitei o referido laudo. Desligou o telefone.
Liguei de novo, At. Aline, expliquei tudo novamente, não sabia nem do que eu estava falando e me passou para a área de atendimento ao consumidor, onde a atendente Sarah disse que ia se ausentar do atendimento para verificar e a linha caiu.
Só de atendentes incompetentes, a Eletrolux deve pagar uma fortuna, mais caro do meu fogão.
A Eletrolux tem que efetuar a troca. Afinal tem 1 ano de garantia(defeito de fábrica).
E eu não iria perder meu tempo, se não tivesse razão.
Fiquei insegura e até hoje não uso mais o queimador até vcs efetuarem a troca e eu pago a diferença.
VALE RESSALTAR QUE SEMPRE FUI FIEL A MARCA - ELETROLUX - Minha máquina de lavar, comprei tem 1 ano. Então nem tive dúvidas em adquirir o fogão. Mas não sabia que eram péssimos no respaldo com os clientes. Sem falar que os atendentes não tem preparo nenhum, não sabem nada a respeito dos produtos, etc..

Aguardo uma solução em 5 dias.

E.T. Algumas das mensagens enganosas da Eletrolux no google.:

Sempre que precisar, estamos disponíveis para te atender em nossos canais: por telefone 3004-8778 São Paulo/0800 728 8778 Demais regiões.

Como falar com a Ouvidoria da Electrolux?
Em caso de dúvidas ligue para o Serviço de Atendimento ao Consumidor (3004-8778 Capitais e Regiões Metropolitanas ou 0800 728 8778 demais localidades).
Não existe SAC nem Ouvidoria.",,Bragança Paulista - SP,13/07/2024 às 19:56,Eletrodomésticos,Fogão-Forno,Produto com defeito
https://www.reclameaqui.com.br/electrolux/defeito_VTiOv3K6Oj1io9TC/,Defeito,"Compramos a geladeira em 15/01/2020 da marca Eletrolux.
A geladeira parou de funcionar no mês de junho, e ligamos para o suporte técnico da Eletrolux.
O técnico veio ao local no dia 28/06 e falou que a geladeira está com vazamento. Porém não tem mais a peça na Eletrolux. Pagamos pela visita R$ 80,00 reais, que seria descontado caso fizessemos o serviço.
Como uma geladeira extremamente nova tem tal vazamento? Se está no mesmo local da instalação desde da compra e a peça é totalmente tampada? Gostaria de uma solução para o problema?",,Rio de Janeiro - RJ,13/07/2024 às 17:48,Eletrodomésticos,Geladeira-Refrigerador,Produto com defeito
https://www.reclameaqui.com.br/electrolux/lava-e-seca-lsp11-nao-puxa-amaciante_Qj53R8BFyFZe5AOr/,Lava e seca LSP11 não puxa amaciante,"Recebi a máquina no dia 05/07/2024, instalamos conforme o manual. Hoje fazem 8 dias e a máquina simplesmente não puxa o amaciante. Como pode uma máquina nova já vir com defeito

LSP11 comprei no site da Eletrolux, tentei informação no site e não consegui entender nem como buscar ajuda. Site confuso, manual nada fala sobre amaciante e quais programas ele pode ser usado. Não aparece nenhum erro no display, estou decepcionada. A máquina é totalmente nova, faz 8 dias que recebi",,Rio de Janeiro - RJ,13/07/2024 às 17:33,Eletrodomésticos,Lavadora de roupas e Tanquinho,Produto com defeito
https://www.reclameaqui.com.br/electrolux/assistencia-horrivel_1VsndWfWZnGjIzkO/,Assistência horrível,"O problema na máquina é que ela não tem funcionado corretamente. A água não esquenta, a louça não sai seca e todo resquício de gordura fica na louça. Ao contatarmos os técnicos responsáveis (REFRIGERAÇÃO SÃO LUCAS de Capela de Santana-RS), ficamos de 8.07 a 23.07 sem previsão de atendimento. Lamentável. Sendo que a próxima data para conserto seria no dia 01.08. Assistência extremamente demorada e contato insatisfatório. Tentamos algum contato via SAC e sem acesso.",,Ivoti - RS,23/07/2024 às 09:36,Eletrodomésticos,Lava louças,Assistência técnica
https://www.reclameaqui.com.br/electrolux/compra-na-loja-pelo-mercado-livre-sendo-cobrada-por-fora_sokscBovnBRbe_k4/,Compra na loja pelo mercado livre sendo cobrada por fora,"Comprei um aspirador da eletrolux e solicitei cancelamento. Contudo foi cancelado e entregue. Como o endereço era dos meus pais, eles receberam sem saber. Agora quero ficar com o aspirador então e libertar o valor do cancelamento para a loja, como faço?",,Cachoeirinha - RS,23/07/2024 às 09:35,Não encontrei meu problema,Aspiradores e vassouras,--
https://www.reclameaqui.com.br/electrolux/pedido-50201378elux-01-comprei-consta-como-se-tivesse-sido-entregue-send_df-ag53hdtrey3hR/,"Pedido 50201378elux-01, comprei, consta como se tivesse sido entregue, sendo que não recebi.","Tento contato, suporte e nada, zero auxilio.
Quero meu dinheiro!!!!",,Arroio do Sal - RS,23/07/2024 às 09:09,Não encontrei meu problema,Coifa e depurador,--
https://www.reclameaqui.com.br/electrolux/maquina-de-lavar_o1RvDI9rSOTO4k7m/,Máquina de lavar,"Comprei minha tão sonhada máquina de lavar 17kg essential care Electrolux, e desde o início ao centrifugar notei que as roupas sempre embolavam para um lado só, e isso causava muito barulho e fazia com que a máquina se move-se do chão, chamei o técnico que nada resolveu, entrei em contato querendo devolver o produto e não consegui, por fim continuo com a máquina que ao decorrer do tempo foi ficando cada vez pior e em resumo eu não consigo usar a maquina sem supervisionar e ficar arrumando as roupas dentro dela para que ela não saia andando pela lavanderia, enfim uma máquina que seria uma solução para me auxiliar com a lavagem das roupas se tornou um problema que não se resolveentão decide vir aqui para alertar sobre esse modelo de máquina e ver se a empresa se importa realmente com seus clientes e queira me atender e resolver minha questão.",,Guarulhos - SP,23/07/2024 às 09:08,Eletrodomésticos,Lavadora de roupas e Tanquinho,Produto com defeito
https://www.reclameaqui.com.br/electrolux/prejuizo_8_-XXb0ubZgicgVQ/,Prejuízo,"Comprei dois ar condicionados da Electrolux pelo site da Magazine Luiza e todos os dois vieram com defeito de fabricação. Comprei no dia 07 de fevereiro do ano de 2023. Um deles fui instalar ano passado ainda, apresentou um erro (E5). Liguei pro suporte da Electrolux e ficou de vir um técnico para verificar, nunca apareceu, estou com a máquina parada desde então. Esse ano resolvi instalar o outro e este mesmo apresentou o erro (E5), estou com os dois parados. Eu entro em contato com algumas pessoas que trabalham com ar e eles se negam a me oferecer suporte porque falam que é um problema comum do ar inverter da Electrolux e que não vale a pena mexer. Agora estou aqui com esse prejuízo, sem opção de suporte e de resolução do meu problema. Com dois ar condicionados novos que não servem para nada.",,Sobral - CE,23/07/2024 às 09:08,--,--,--
https://www.reclameaqui.com.br/electrolux/estorno-de-cartao_L_lbHOQLiPt8K0Yx/,Estorno de cartão,"Esteve na loja do Stiep em Salvador para comprar o forno elétrico e coque top .O que ocorreu primeiro fizeram um débito de 1500.000 na conta de minha esposa e depois fizeram a venda toda atrapalhada.O levei etiqueta que elétrico mesmo assim veio errado a gás,eles não tinham o elástico,tudo feito na loja o coque foi feito por eles on-line.Diante de venda errada e débito indevido,solicitamos o cancelamento do coque pois forno não tinha na loja.Ja se passaram 08 dias e não houve estorno a loja não possui telefone e tem WhatsApp que leva uma vida pra responder.Solicito o estorno o meu cartão é de minha esposa.Os 1500.000 já devolvidos ainda resta 3.000,00 na Electtrolux",,Salvador - BA,23/07/2024 às 08:33,--,--,--
https://www.reclameaqui.com.br/electrolux/adega-12-garrafas-nao-chega-na-temperatura-prometida_MV_XNb74ncsRQBJX/,Adega 12 garrafas não chega na temperatura prometida.,"Comprei uma adega ACB12.
No painel temos a opção de colocar de 12C a 18C. A temperatura mínima interna deixando o visor no 12C, foi uma oscilação de 14C a 16C. Isso com a adega vazia. Se estiver cheia, não vai refrigerar os vinhos. Sendo que a temperatura ideal para armazenar, é de 10C a 12C.",,Rio de Janeiro - RJ,23/07/2024 às 08:06,Eletrodomésticos,Adega de vinho,--
https://www.reclameaqui.com.br/electrolux/aspirador-vertical-entregue-com-defeito_DC2fTehLrYFTJ6ur/,Aspirador vertical entregue com Defeito,"Comprei um aspirador de pó vertical via site Eletrolux. Produto entregue com defeito, não carrega, a luz de led acende ao colocar na tomada e apaga imediatamente. Produto não funciona. Abri chamado via site, protocolo *******, solicitando a troca do produto. Tentaram me convencer a ir na assistência técnica, o que achei um desrespeito com o cliente, pois querem transferir a solução pro cliente resolver, assistência técnica para um produto que já chegou com defeito só reforça a falta de compromisso da indústria com a qualidade do produto. Eles tem mais interesse em vender garantia estendida do que entregar um produto funcionando. Estou buscando a solução desde 16/07/24 e ainda não deram retorno sobre a troca. Informei que não tenho confiança no produto que me entregaram, que gostaria da troca para dar uma nova oportunidade a eletrolux, para que eu usasse um produto sem defeitos. Tentei, como não tive retorno até hoje sobre a troca, solicito reembolso do valor pago.

Aos consumidores, não recomendo a compra do aspirador vertical sem fio eletrolux. (Aspirador de Pó Vertical Sem Fio Electrolux Ergorapido 2 em 1 até 21 min Verde (ERG22) Bivolt ref: 900920907)

Produto recebido em 10/07.",,Rio de Janeiro - RJ,23/07/2024 às 02:45,--,--,--
https://www.reclameaqui.com.br/electrolux/vidro-do-forno-estourou_Dgr2KvFjT1-XjGNE/,VIDRO DO FORNO ESTOUROU,"Meu forno Electrolux estourou o vidro sozinho, entrei em contato com a Electrolux via e-mail buscando uma assistência técnica, para minha surpresa quando chegou o técnico da autorizada PLUSTEC na data de 08/07/2024 fui informado que o vidro não existe mais para compra, entrei em contato com a Electrolux no 0800 para tentar uma solução de compra do vidro, o protocolo ******* foi aberto e precisei aguardar um retorno da equipe de cuidados que não retornou a ligação com uma solução para o meu caso, hoje dia 23/07/2024 recebi a noticia do funcionário Guilherme setor de cuidados que o vidro não existe mais por estar fora da garantia e que eu deveria procurar o vidro no mercado paralelo por que a fabrica não tem mais, achei um descaso me oferecer um produto que não seja original e que eu deveria sair procurando algo paralelo para colocar em produto original Electrolux sem nenhuma procedência, falei para ele, quando estourou minha filha de 8 anos estava na cozinha e graças a Deus não aconteceu nada e mesmo assim ele continuou dizendo que eu deveria buscar o vidro no mercado paralelo que ele não tinha, informei a ele que não estava querendo de graça e que gostaria de comprar o vidro mas precisava de uma ajuda da fabrica para encontrar e mesmo assim não consegui nenhuma atenção do Guilherme que finalizou a ligação batendo o telefone em minha cara, eu tenho a ligação gravada para ouvir o descaso desse rapaz.
Preciso que a Electrolux me ajude a encontrar esse vidro original pois o forno mesmo estando fora de garantia é muito novo por que uso bem pouco. Sou cliente a muito tempo e estou encaminhando uma lista anexa de tudo que tenho da Electrolux para que possam ao menos dar uma atenção a um cliente que tem apreço pela marca e não simplesmente abandonar e não dar a atenção correta.
Aguardo um retorno Electrolux.
Grato,
Marcio",,São Paulo - SP,23/07/2024 às 00:46,Eletroportáteis,Forno elétrico,Forno não funciona
https://www.reclameaqui.com.br/electrolux/produto-com-baixa-qualidade_CkJPngQKb5gAOnkj/,Produto com baixa qualidade,"Com pouco tempo de uso, o protetor do fio se soltou!
Os produtos da eletrolux, ultimamente está descartável!!
Custou meu dinheiro sabia!? E não é barato!",,São Paulo - SP,22/07/2024 às 23:11,Não encontrei meu problema,Aspiradores e vassouras,Má qualidade
https://www.reclameaqui.com.br/electrolux/obsolescencia-programada_VJhDfqQoOf70BxOE/,Obsolescência Programada.,"Ao contatar o telefone 0800 728 8778 da central de atendimento da Electrolux, para obter informações de uma autorizada próxima de minha residência, esta foi indicada, porém ao questionar a atendente sobre a peça da geladeira de referência: Calha evaporadora Electrolux 67402819 a mesma informou de trata-se de peça obsoleta. Constatei o fato indo na autorizada localizada a Rua Vinte Quatro de Maio número 1059 - Engenho Novo - RJ. A atendente da referida loja, solicitou o código da peça e outro código interno da geladeira ( no meu caso a DFN52 ), para ser feito uma encomenda em meu nome junto a fábrica, sem saber o valor que seria cobrado. A peça é primordial no sistema do compressor e não pode de forma alguma sair da linha de produção, pois retém a água do degelo e a evaporação posteriormente. Estive em outras lojas, no total de 12 e não encontrei, ou seja sou vítima ""Obsolescência Programada"". O que faço ?? Jogo a geladeira DFN52 no Lixão ?",,Rio de Janeiro - RJ,22/07/2024 às 23:11,Eletrodomésticos,Geladeira-Refrigerador,Assistência técnica
https://www.reclameaqui.com.br/electrolux/tampo-de-vidro-do-fogao-trincou-com-1-semana-de-uso_18NRaluTNDIszG-t/,TAMPO DE VIDRO DO FOGÃO TRINCOU COM 1 SEMANA DE USO,"Adquiri meu fogão diretamente pelo site da electrolux no dia 01/07/2024. Meu fogão foi instalado pela assistência autorizada da electrolux em 13/07/2024 e, hoje (22/07/2024), com UMA SEMANA DE USO, notei que ele está com o tampo de vidro trincado, mesmo eu tendo tomado todos os cuidados necessários. Solicito a utilização da garantia, nos termos do CDC.",,Porto Feliz - SP,22/07/2024 às 22:10,Eletrodomésticos,Fogão-Forno,Produto quebrou com pouco tempo de uso
https://www.reclameaqui.com.br/electrolux/comprei-um-ar-adapt-color-nao-usei-nem-um-mes-e-o-controle-parou-de-funcion_yAOE7zDJsK2qIHSr/,Comprei um ar adapt color não usei nem um mês e o controle parou de funcionar,"Controle do ar-condicionado adapt valor parou de funcionar com menos de um mês de uso.
Uma pena sempre usei produtos Electrolux mas infelizmente está perdendo a qualidade",,Serra - ES,22/07/2024 às 21:59,Eletrodomésticos,Ar condicionado,Má qualidade
https://www.reclameaqui.com.br/electrolux/concerto-de-ar_7ZTewcxssT_DEcUG/,Concerto de ar,"Comprei um ar quente frio e o mesmo no 3 dia parou de esquentar, solicitei assistência e o msm veio porém a pessoa não sabia nem ligar o aparelho, como ele não sabia mexer disse q era a central e pediria uma nova. Quando a central chegou ele veio realizar a troca porém sem sucesso pois não era ela que não estava funcionando. Passou uns dias a empresa solicitou q eu desinstalasse o ar para eles fazerem o reparo. A instalação e desinstala ao de um ar e o valor de um novo. A empresa precisa arrumar meu ar, estou com uma bebê e estamos precisando do ar funcionando",,Elói Mendes - MG,22/07/2024 às 21:55,--,--,--
https://www.reclameaqui.com.br/electrolux/air-flyer-sem_EZ4O0i3siTLpIKVD/,Air flyer sem,"Comprei uma AIRFRYER OVEN DIGITAL 12L RITALOBO EAF90 GRAFITE 220V em 25/11/23 usei uma vez ano passado e este mês usei duas vezes a bendita e a beleza simplesmente não liga mais, testei em outra tomada 220v e não dá nem sinal de vida.

Levei na assistência técnica autorizada da Electrolux da minha cidade e entraram em contato na sequência dizendo que ela não tem número de série para poder dar entrada na garantia , pediram para eu entrar em contato com o sac da Electrolux para gerarem um novo número de série ( liguei 3 vezes, informei o caso nas 3 ligações ao sac , me passaram que o setor de qualidade sei lá em dois dias entraria em contato cmg por telefone seria até quinta feira 18/07/24 as 17:00 o que não ocorreu ) .

Eu preciso que alguém da Electrolux resolva isso é urgente ,tenho nota fiscal do produto e ele ainda está na garantia.
Preciso que alguém de vocês gerem número de série para que a assistência técnica de sequência no caso .",,Londrina - PR,22/07/2024 às 21:06,--,--,--
https://www.reclameaqui.com.br/electrolux/maquina-de-lavar-louca-nao-escoa-completamente_cynlOAu3j8_hNBwq/,Máquina de lavar louça não escoa completamente,"Comprei uma máquina de lavar louça modelo LL14X.

Ao usar o ciclo express, ela não escoa completamente a água, e claramente a limpeza não fica tão boa.

Já acionei a assistencia técnica da região, chamada FreeMaq, que já enviou técnico ao local, já retirou o aparelho para avaliação e devolveu dizendo que não tinha problema. testei um ciclo e estava ok, porém o problema voltou a aparecer. Em contato com a FreeMaq, eles querem novamente enviar técnico, e não tinham nenhum historico das visitas passadas. Aparentemente voltamos a estaca zero..

Abaixo o historico do atendimento:
- Visita GARANTIA agendada para o dia 28/05/2024.
- 28/05 - Água escoando normal, sobra somente dentro do alojamento do filtro.
- 29/05/2024 - Retirada agendada para dia 04/06/2024 .
- 04/06/2024 - Retirado para oficina.
- 12/06/2024 17:43 - Produto não apresentou defeitos ou alteração funcional.",,Campinas - SP,22/07/2024 às 20:36,Eletrodomésticos,Lava louças,Assistência técnica
https://www.reclameaqui.com.br/electrolux/ar-condicionado-split_UX8Tb0PHYR1JURct/,Ar condicionado split,"Compramos um split color adapt + a instalação pelo site shopclub(autorizado Electrolux )em MARÇO deste ano. Quando recebemos demoramos para conseguir agendar instalação quando instalado, o serviço foi de péssima qualidade e o aparelho não aquecia nem resfriava, solicitamos avaliação do instalador que avaliou relatando que havia problema interno na máquina, solicitamos troca, atendimento muito demorado, nova instalação demorada também e o pior , NOVAMENTE o produto não funcionou, resumindo, estamos indo para o mês de julho e estou sem o produto que comprei e paguei. Falta de respeito total. Após está reclamação ser publicada, uma nova assistência veio até a minha casa dia 10/07. SOLDOU a máquina que, segundo eles, apresentava vazamento de gás, e NOVAMENTE o ar não está aquecendoEstou tomando agora outras providências judiciais, mas o desrespeito é demais!!!!",,Farroupilha - RS,22/07/2024 às 20:20,Eletrodomésticos,Ar condicionado,Produto com defeito
https://www.reclameaqui.com.br/electrolux/nao-resolvida-tratativa_KfptgLvlA9EWFEH4/,Não resolvida tratativa,"Após diversas conversas sobre o último ocorrido, não foram finalizadas as tratativas.",,Pato Branco - PR,22/07/2024 às 19:18,Eletrodomésticos,Ar condicionado,Assistência técnica
https://www.reclameaqui.com.br/electrolux/sobre-demora-pra-resolver-problema_kAJIAO6y5dw2Y7VR/,Sobre demora pra resolver problema,"Olá fiz uma compra do fogao 2 fornos eletrolux , com 15 dias de uso as grades do figao ficaram toda velhas , como se tivessem anos de uso , aí chamei no mês de junho , a assistência técnica o rapaz veio disse que retornaria com as peças pra troca com 15 dias e já fazer mais de 1 mês e nada de voltar quero resolver meu problema, já é a segunda compra que faço da marca que me da dor de cabeça, o que está acontecendo com a eletrolux.",,São Paulo - SP,22/07/2024 às 19:02,--,--,--
https://www.reclameaqui.com.br/electrolux/microondas-com-frente-derretida_Icy_XzpdaM4qX0ax/,Microondas com frente derretida,"Comprei um microondas no dia 08/07/2024 no site da magazine Luiza, o produto chegou todo danificado parecendo que o plástico da porta é do painel tivesse derretido. Entrei em contato com a magazine Luiza e a mesma não quer trocar porque já faz mais de 7 dias que entregou, entrei em contato com a Electrolux e a mesma disse que não é de sua responsabilidade. Escolhi pagar mais caro pelo produto por ser da Electrolux e tive uma decepção dessa, a empresa só sabe responder com mensagem automática, é um desaforo, produto pago e não posso usar.",,Uberaba - MG,22/07/2024 às 19:01,Eletrodomésticos,Micro-ondas,Produto com defeito
https://www.reclameaqui.com.br/electrolux/tomada-derreteu-sem-assistencia_8GdgAqL_gokcLJrU/,Tomada derreteu - sem assistência,"Tomada do aparelho derreteu. Solicitada assistência técnica e visita técnica realizada em 04-Jul-24. O técnico alegou que o pino derreteu devido ao aparelho ser de 10A e o tomada na parede ser de 20A. Outro eletricista me disse que não há problema nesses casos desde que não se use adaptador (que não usei, fiz reforma da tomada em 2023 para acomodar a lavadora no espaço). No dia 04-Jul foi me passado orçamento de R$50 pelo cabo elétrico, R$180 da mão de obra, total de R$230. Apesar de não achar que eu tinha responsabilidade sobre o ocorrido, autorizei pois não consigo ficar sem máquina. Foi me dado o prazo de 5 a 10 dias úteis. Seria então um prazo até 18-Jul (mais de 15 dias após a visita técnica). No dia 12-Jul (5 dias úteis após a aprovação do orçamento) fiz acompanhamento e a resposta foi ""consta que estamos no aguardo da peça chegar, assim que a peça chegar entraremos em contato para agendar rotorno com peça"". No dia 19-Jul (10 dias úteis após a aprovação), fiz novo contato. Apesar do retorno do atendente com ""bom dia, como posso ajudar?"" às 10:18, o atendente não me respondeu nem 10:33 ou 14:33. Realizei novo contato em 22-Jul (após o prazo estourado) e o mesmo me respondeu com: ""Verifiquei para o senhor e infelizmente a peça está indisponivel na fabrica, sem previsão de chegada, o que oriento, é que entre em contato diretamente com o SAC da Electrolux: 0800-7288778"", encerrando o atendimento. Após questionamento e novo processo de passagem pelo chatbot, recebi a resposta ""Infelizmente não depende somente da nossa autorizada, quem manda as peças pra nós é a fabrica da Electrolux."". Entrei em contato com a Electrolux para resolver o problema e me comunicaram um prazo de mais 2 dias úteis para envio da peça, que não havia sido solicitada, para que eu entrasse em contato novamente com a assistência. Dado que o produto está em garantia, solicitei a Eletrolux uma resolução sem terceiros dado que comprei diretamente deles no site. Ordem de Serviço: SVO-17983628.",,São Paulo - SP,22/07/2024 às 18:57,Eletrodomésticos,Lavadora de roupas e Tanquinho,Assistência técnica
https://www.reclameaqui.com.br/electrolux/ineficacia-na-assistencia-tecnica-prestada_ppdtR8TyHKoH9q1n/,INEFICÁCIA NA ASSISTÊNCIA TÉCNICA PRESTADA,"Após quase 1 mês em processo de reparo na assistência técnica, fornecida pela empresa G3 - Tec Comércio e Assistência Técnica em Eletrodomésticos LTDA, meu aspirador Eletrolux Power Speed STK15, retornou para casa do mesmo jeito em que foi enviado: SEM FUNCIONAR.
Acionei a empresa Eletrolux, mas ainda não obtive retorno.",,Cordeiro - RJ,22/07/2024 às 18:42,Eletroportáteis,Aspiradores e vassouras,Produto com defeito
https://www.reclameaqui.com.br/electrolux/entrega-atrasado_K9YfUXUMv44FlKBC/,Entrega atrasado,"Fiz uma compra no site da Electrolux, pedido #V50261701elex-01, dia 14/07/2024, o prazo de entrega seria dia 18/07/2024, até a data de hoje não recebi minha compra, no site o status permanece em separação, entrei em contato no sac, fui informando que alguém entraria em contato via WhatsApp para resolver, não me deram protocolo e ate agora nada",,São Paulo - SP,22/07/2024 às 18:24,Eletrodomésticos,Fogão-Forno,Atraso na entrega
https://www.reclameaqui.com.br/electrolux/com-a-garantia_iKDoQGZWPElcakpp/,[Editado pelo Reclame Aqui] com a garantia,"Não comprem produtos Electrolux pois não dão garantia, comprei um ar condicionado dia 11 de março paguei 3.500,00 e veio com defeito do fabricante, deram 10 anos de garantia, o ar tem 3 meses de uso e a autorizada NEGOU A GARANTIA, sem contar que demorou mais de 1 mês para um técnico aparecer aqui e quando veio colocou um defeito que não existe para não dar a garantia. sendo que tenho um vídeo onde mostra o defeito da máquina onde não tem nada a ver com a instalação. Vou no PROCON, e terei q mover um processo contra essa empresa SEM PALAVRA. Fui [Editado pelo Reclame Aqui] por essa empresa.",,Porto Alegre - RS,22/07/2024 às 18:21,--,--,--
https://www.reclameaqui.com.br/electrolux/geladeira-com-descascamento-da-tinta-inox-das-duas-portas_lPeN0DaUTEA4IZzt/,"Geladeira com descascamento da tinta ""inox"" das duas portas","Fiz no dia 11/07/2023 uma reclamação referente a um defeito na porta da minha geladeira electrolux de inox, onde após 1 ano e alguns meses começou a apresentar tais defeitos, vindo então a entrar em contato diretamente com a empresa, mais sem soluções possíveis. Voltei novamente agora fazer novamente a reclamação após uma conhecida minha ter exatamente a mesma geladeira e com os mesmos problemas, onde ela entrou com a reclamação aqui pelo site e o problema dela foi devidamente resolvido, más o meu, a empresa que fez a vistoria ERROU no laudo, dizendo que as portas apresentavam ferrugem, más através das fotos enviadas por mim e pelo próprio técnico que veio fazer a vistoria na minha casa, dá para ver claramente que não se trata de ferrugem e sim de um descascamento de todos os cantos da porta, a tinta ""inox"" descascou e ficou aparecendo a tinta de baixo, que no caso é preta.
Peço novamente que resolvam meu problema pois trata-se de um defeito de série, pois não é só a minha geladeira que apresentou tais defeitos!",,Cunha - SP,22/07/2024 às 18:14,Eletrodomésticos,Geladeira-Refrigerador,Pintura riscada-descascando
https://www.reclameaqui.com.br/electrolux/falta-de-peca-para-repor_lenBJBGbpojilQVw/,Falta de peça para repor,"Tenho uma geladeira side by side (modelo ss72x) há 6 anos e, recentemente, apresentou um problema na placa de potência. Para minha surpresa, fui informada pelo SAC da Electrolux que a empresa deixa de fabricar peças de reposição para eletrodomésticos após apenas 5 anos, tornando-os obsoletos.

Considero inaceitável que um eletrodoméstico de alto valor, em perfeito estado de conservação, se torne inútil devido à falta de peças de reposição em tão pouco tempo. Afinal, estamos falando de um produto que deveria durar muitos anos mais.

Pergunto: o que faço com a minha geladeira agora? Devo levá-la para o desmanche porque ninguém tem essa peça? Esta situação é absurda e demonstra uma falta de compromisso da Electrolux com os seus consumidores.",,São Paulo - SP,22/07/2024 às 18:11,Eletrodomésticos,Geladeira-Refrigerador,Assistência técnica
https://www.reclameaqui.com.br/electrolux/vidro-do-fogao-explodiu_jdhfaW3B1Nhg_4BG/,Vidro do fogão explodiu,"Comprei um fogão Electrolux na loja cem em fevereiro desse ano, fui limpar o fogão e o vidro explodiu. Graças a Deus ninguém se feriu, mas poderia ter acontecido. Entrei em contato pelo site da Electrolux e eles mandaram um técnico que só olhou pro fogão, preencheu um papel e mandou eu assinar. Não ia assinar nada pois ele não fez serviço nenhum, nem o vidro levou. Fora o atendimento da assistência técnica que é todo enrolado e me passou o dia errado que o tecnico ia. Desmarquei compromissos pra aguardar e nada. Quando entrei em contato novamente porque estava demorando, informaram que eles erraram o dia. Mas que no dia seguinte o técnico iria pela manhã a minha residência. Foi de manhã? Não! Chegou no fim da tarde. Até aí ok se ele tivesse resolvido. Agora vem a pior parte, mandaram eu entrar em contato pra conseguir o vidro conforme print. Esse fogão tem 6 meses de uso, e explodiu. E agora a culpa é minha? Eu espero que vocês resolvam essa situação, porque o fogão não foi barato. Aguardo retorno com solução.",,Queimados - RJ,22/07/2024 às 17:52,Eletrodomésticos,Fogão-Forno,Produto quebrou com pouco tempo de uso
https://www.reclameaqui.com.br/electrolux/assistencia-tecnica-ineficiente_K9Ax-prEXz2Bsr9j/,Assistência técnica ineficiente,"Tive um problema com meu aspirador (quebrou 2 peças ainda em garantia) e a assistência técnica foi extremamente incompetente. Me fizeram ir 3 vezes na loja (somando um total de 3 horas perdidas do meu tempo), sendo que nas duas primeiras apenas olharam para o produto.

Na primeira vez, disseram que eu precisava ligar na electrolux para solicitar o reparo. Na segunda vez, me fizeram ir até lá para olharem NOVAMENTE as peças que eu já havia mostrado, e não me deram a opção de enviar a foto das peças e do produto.

Somente na terceira ida, depois de praticamente quase 1 mês que eu consegui arrumar meu aparelho (um aspirador de pó que uso diariamente).

A empresa precisa treinar melhor as empresas que seleciona para representar sua marca na linha de frente da manutenção.",,Brasília - DF,22/07/2024 às 17:48,Eletroportáteis,Aspiradores e vassouras,Assistência técnica
https://www.reclameaqui.com.br/electrolux/pessima-qualidade_nCrfX5H-wo9uqGI-/,Pessima qualidade,"Comprei a geladeira 22/09/2022 não coloquei garantia estendida, e uma geladeira muito cara não durou nem 2 anos o motor parou, MOTOR NÃO É MAL USO o técnico veio na minha casa, viu q tava tudo certinho (tomada única ) ótimo locar tudo certo porém o motor da geladeira q custou mais de 6 mil reais parou de funcionar, agora como não está na garantia estão me cobrando o valor de um motor novo. Estou decepcionado com a marca",,São Paulo - SP,22/07/2024 às 17:26,Não encontrei meu problema,Geladeira-Refrigerador,Produto quebrou com pouco tempo de uso
https://www.reclameaqui.com.br/electrolux/demora-na-assistencia-tecnica-do-fogao-electrolux_EGQ8w6PBuOBdceED/,Demora na Assistência Técnica do Fogão - Electrolux,"Prezados,

Venho por meio deste expressar minha insatisfação com o serviço de assistência técnica referente ao fogão de indução Electrolux IE6LP, adquirido há onze meses. Infelizmente, o aparelho apresentou um problema na placa, o que impossibilitou seu uso.

Contactei a assistência técnica da Electrolux, que prontamente enviou um técnico à minha residência. Foi identificado que o problema estava na placa, e me informaram que a peça necessária para o reparo chegaria em cerca de 7 dias úteis.

No entanto, já se passaram os sete dias úteis, e estamos a mais de 20 dias com o fogão queimado. Ainda não recebi qualquer retorno sobre a chegada da peça ou a conclusão do reparo. Durante esse período, minha família e eu estamos sem poder utilizar o fogão, o que tem gerado um grande transtorno em nosso dia a dia.

Dado o alto investimento que fizemos nesse equipamento e a confiança depositada na marca Electrolux, solicito uma solução urgente para o problema. Espero um retorno imediato sobre o status do reparo e uma previsão realista de quando o fogão estará em pleno funcionamento novamente.

Aguardo uma resposta o mais breve possível.",,Florianópolis - SC,19/07/2024 às 11:58,Eletrodomésticos,Fogão-Forno,Produto com defeito
https://www.reclameaqui.com.br/electrolux/geladeira-im8s-pessima-qualidade_aCRhMBpPDWBll8Ap/,Geladeira Im8s péssima qualidade,"Pela segunda vez (em 1 ano) estou tendo problemas com a geladeira descascando, primeiro foi a porta do freezer, agora a lateral! Um produto de 7 mil reais, que não tem contato com água, nem com produtos de limpeza enferrujar 2 vezes somente no período de garantia é um absurdo!
Para a Electrolux, 7 mil reais não é nada, porém, para mim é bastante e não aceito ficar com a geladeira assim.
E agora não irei aceitar a troca somente da peça, pq pelo visto ela veio inteira com má qualidade.
Aguardo retorno, obrigada!",,São Bernardo do Campo - SP,19/07/2024 às 11:31,Eletrodomésticos,Geladeira-Refrigerador,Má qualidade
https://www.reclameaqui.com.br/electrolux/assitencia_2qfJD4SNFca27x6C/,Assitência,"Eu solicitei assistência no dia 03/07, recebi uma mensagem no dia 04/07 pedindo informações sobre o produto, passei tudo que precisavam, agendaram para vir aqui no dia 12/07, no dia 12/07 me informaram que não poderiam vir e que iriam agendar outro dia.
No dia 16, me informaram que não prestavam assistência na minha região e até agora não recebi retorno algum.",,São Leopoldo - RS,19/07/2024 às 11:29,Eletrodomésticos,Lava louças,Assistência técnica
https://www.reclameaqui.com.br/electrolux/assistencia-tecnica_7uDP8nLvtrIy-86n/,Assistência técnica,Comprei um microondas eletrolux modelo MTO 30 entregue pelo mercado livre vendido Ebazar .Com.Br.Ltda no dia 08/05/2024 e ele não está ligando já testei em outras tomadas mas não funcionou entrei em contato com a eletrolux que agendou uma visita para 18/07/2024 e não apareceu ninguém e não consigo falar com nenhum telefone que está no site e com a assistência técnica que eles indicaram.,,Rio das Ostras - RJ,19/07/2024 às 11:09,Eletrodomésticos,Micro-ondas,Assistência técnica
https://www.reclameaqui.com.br/electrolux/potes-da-eletrolux-quebram-no-fechamento_07Vi8kK41paSlQup/,Potes da eletrolux quebram no fechamento,"Eu ganhei um jogo de potes de vidro da eletrolux. Aparentemente muito resistentes.
Acontece que fui fechar o pote e no canto em que a tampa trava o vidro simplesmente quebrou. Tomei o maior susto. E ainda que a parte do recipiente esteja integra, acho melhor não usar, por segurança.",,São Paulo - SP,19/07/2024 às 11:01,Não encontrei meu problema,--,Má qualidade
https://www.reclameaqui.com.br/electrolux/custo-manutencao-forno-inducao-50-mais-caro-do-que-um-produto-novo_DTNpWcGuxR-ObHgI/,Custo manutenção forno indução 50% mais caro do que um produto novo,"Quase toda minha cozinha é Electrolux. Mais recentemente meu cooktop de indução IE60P que tem 5 anos de uso, perdeu o funcionamento de metade das bocas. Abri uma manutenção (SVO-18012782) e depois da avaliação da autorizada (pago adiantadamente) o custo foi de R$ 3870 valor que é cerca de 50% maior do que o valor de um produto novo, que está custando R$ 2700. Ao questionar a autorizada, a mesma sugeriu entrar em contato com o SAC (0800 728 8778). Depois de diversas tentativas, a chamada sempre cai.
Eu queria registrar aqui o nível de insatisfação que tenho tido com a Electrolux uma vez que além desse problema, nos últimos 6 meses eu precisei fazer manutenção nos seguintes itens Electrolux. Uma geladeira IB7B (comprada em 12/2023, que precisou ser trocada), microondas ME3EP (comprado em 12/2023 que precisou trocar a porta) e um forno elétrico OE60M. Gostaria que a Electrolux oferecesse uma solução VIÁVEL para o problema de meu cooktop de indução.",,Aracaju - SE,19/07/2024 às 10:52,--,--,--
https://www.reclameaqui.com.br/electrolux/maquina-com-4-meses-de-uso-ja-apresenta-problemas_1rMo1Uome1y18PBD/,Maquina com 4 meses de uso ja apresenta problemas,"Comprei minha maquina na loja casas Bahia no dia 2/04, ela esta apresentando vários problemas, como a agua não segurar na maquina, maquina não completa seu ciclo corretamente de lavagem, não achei que teria tantos problemas, pois só ouvi coisas boa sobre a maquina, estou com dificuldade para achar uma assistência técnica, espero que a empresa resolva meu problema.",,São Paulo - SP,19/07/2024 às 10:49,Eletrodomésticos,Lavadora de roupas e Tanquinho,Produto com defeito
https://www.reclameaqui.com.br/electrolux/maquina-de-lavar-fazendo-barulho-estranho_qew0RP8Zyb7rI_28/,Máquina de Lavar Fazendo barulho estranho,"Olá, bom dia! Comprei uma máquina de lavar há alguns meses e, depois das 2 ou 3 primeiras lavagens ela vem fazendo um barulho estranho. Gostaria de acionar a garantia do produto para que seja verificado se existe alguma peça que necessita de troca.",,Rio de Janeiro - RJ,19/07/2024 às 10:32,Eletrodomésticos,Lavadora de roupas e Tanquinho,Fazendo muito barulho
https://www.reclameaqui.com.br/electrolux/air-fryer-oven-electrolux-12l-digital-por-rita-lobo-eaf91_PXHc2RgjeofA34FD/,Air Fryer Oven Electrolux 12L Digital por Rita Lobo (EAF91),"Bom dia,

Passada uma semana, 5 dias da abertura deste chamado para a empresa Electrolux do Brasil no site Reclame aqui, não obtive nenhum retorno da empresa. Já não me surpreendo mais com essa postura da empresa Electrolux do Brasil.

O descaso diante do atendimento e prestação de serviços só mostra como a empresa vem piorando seu nível de atendimento para com os clientes.

O que nos resta é avaliar e sempre criticar esse tipo de postura.
Também quero deixar registrado a minha solicitação através deste registro, caso ocorra algum acidente elétrico na residência e a empresa tenha sido informada, mas não tenha tomado nenhuma providência até o presente momento.

Diante desta situação, solicito com urgência uma posição da área técnica da Electrolux do Brasil. Irei anexar a nota fiscal caso queiram verificar no sistema a ocorrência e também irei anexar uma mensagem de WhatsApp inútil que recebi da empresa.

Agora vou colocar a mesma reclamação para a Electrolux Loja Online, quem sabe alguém consegue ler e resolver.


Gostaria de relatar um problema que venho enfrentando, especialmente com o modelo EAF91 da Electrolux.


Após apenas 35 dias de uso do produto, nos deparamos com um problema sério. Gostaria de compartilhar com os responsáveis da empresa uma filmagem onde irei detalhar o que vem ocorrendo.

Esta filmagem tem o objetivo de mostrar à Electrolux do Brasil as falhas que tenho encontrado durante o uso do produto.


Antes de mais nada, é importante frisar que minha residência está totalmente equipada com fios, tomadas e disjuntores independentes para suportar todos os dispositivos eletrônicos e eletrodomésticos. Antes mesmo de adquirir o produto, a residência já estava adaptada para recebê-lo.


O que mais me preocupa é que estou lidando com dois equipamentos Air Fryer Oven Electrolux 12L Digital por Rita Lobo Digital Vermelha Experience 1700W (EAF91) durante um período de 45 dias.


É importante ressaltar que a Electrolux do Brasil tem conhecimento das limitações do produto. Por esse motivo, gravei o produto em funcionamento, mostrando oscilações de temperatura durante o período de pré-aquecimento, sem contar os ruídos que o produto apresenta durante o uso.


Além disso, não tenho confiança de que este modelo Digital Vermelha Experience 1700W (EAF91) seja capaz de operar em temperaturas de 200 graus Celsius sem causar acidentes dentro da residência.


Gostaria de uma posição e validação técnica após a análise dos vídeos compartilhados, juntamente com o relato do que vem ocorrendo. Preciso saber se posso continuar utilizando o produto desta forma.


Peço que a Electrolux me informe, pois quero deixar registrado, por meio de imagens e vídeos datados, que não tenho confiança neste modelo (EAF91).


Não consegui anexar os vídeos do produto em atividade. Peço por favor que me envie o canal onde posso compartilhar os vídeos para validação da área técnica.",,São Paulo - SP,19/07/2024 às 10:15,--,--,--
https://www.reclameaqui.com.br/electrolux/o-sonho-que-virou-pesadelo_yFA4JirpyGXBEyFk/,O sonho que virou pesadelo,"Comprei um fogão de indução, um dos meus maiores sonhos para a minha cozinha planejada. Adquiri o produto não faz nem 2 meses, até doei meu fogão antigo porque tinha adquirido o de indução, e em um dia do nada o fogão parou de pegar e não funciona mais...

Contatei a assistência (garantia) e me passaram 10 dias para chegada das peças e mais 10 dias para a mão de obra!!

Resumindo, 20 dias sem cozinha, como que faço sem fogão agora?? O mínimo que esperei da empresa foi o envio de um novo produto, mas pelo jeito e difícil!

Aguardo urgentemente o retorno de vcs.",,Praia Grande - SP,19/07/2024 às 10:11,Não encontrei meu problema,Cooktop,Produto com defeito
https://www.reclameaqui.com.br/electrolux/assitencia-tecnica-electrolux_RM_cZqZrkdgnwiaN/,ASSITÊNCIA TÉCNICA ELECTROLUX,"Tenho uma Lava louça 14s com 11 meses de comprada, a mesma apresentou um problema e fiz a abertura do chamado diretamente pelo site no dia 10/07 com a Ordem de Serviço N SVO- 18006520 para visita no dia 15/07 através da Assistência Técnica MASTERTECH Comércio e Manutenção de Refrigeração Eireli, fiquei aguardando na Segunda-feira e NÃO compareceram, liguei na terça-feira e disseram que para a visita ser realizada eu precisaria ter ligado para eles e não para a Electrolux e ainda me cobraram uma Taxa de R$ 70,00 para visita, alegando que a máquina têm mais de 10 meses de comprada , fizeram um novo agendamento para a Quarta-feira dia 17/06, só que novamente não compareceram , quando fiz o contato disseram que o técnico não localizou meu endereço, detalhe ( moro num lugar de fácil acesso, inclusive, uma rodovia bem conhecida fica paralela à minha casa) , então, fizeram um novo agendamento para o dia 18/06 e também não compareceram, e só depois que entrei em contato, no dia 19/07 que disseram que o técnico teve um problema em rota e não conseguiu vim, meu esposo ficou três dias em casa à disposição deles e em nenhum momento eles entram em contato pra dizer que não iriam poder vim , ontem( 18/07) fiz um contato por voltas das 16:30 para confirma se o técnico realmente vinha e pediram para aguardar até às 18:00 , um absurdo esse tratamento!! Quando fiz um novo contato hoje ( 19/07) disseram que só podem vim no dia 23/07 , minha preocupação é que minha garantia acaba dia 27/07. Gostaria que dona ELECTROLUX se posicionasse e me ajudasse, pois seu prestador de serviço tem um péssimo atendimento e, se possível, direcionasse uma outra assistência.",,Rio de Janeiro - RJ,19/07/2024 às 10:02,Eletrodomésticos,Lava louças,Assistência técnica
https://www.reclameaqui.com.br/electrolux/novamente-erb20-nao-funciona_9uLht2GHPetfVraH/,NOvamente ERB20 não funciona,"Relembrando a relamação anterior que o robo aspirador tinha 20 dias de uso e parou de funcionar. Mandei para a assistência tecnica que trocou 3 peças e a Eletrolux estendeu por mais 6 meses a garantia. Até ai, tudo ótimo.. Até parar de funcionar de novo.

Agora com 2 meses de compra, mas nem 1 mês que eu busquei porque eu peguei na assistencia tecnica dia 25/06, novamente parou de funcionar. Eles já me avisaram que tiveram que pedir placa de potencia e os sensores. Que saco. Novamente tendo que trocar peça

Eu tenho criança pequena e a intenção de comprar ele foi para facilitar a minha vida, mas só tem dificultado. Não tenho tempo de ficar levando e buscando porque toda hora dá problema.

O telefone de vocês não funciona. Já tentei ligar varias vezes e desliga depois que eu escolho a opção. ELECTROLUX
Contato para negociação 3004 8778 capitais ou******* demais localidades

A minha nova ordem de serviço é Ordem de Serviço N SVO-18029602

Mas dessa vez não quero o produto. Quero o dinheiro de volta. E também não quero credito para comprar produtos eletrolux, porque por azar, eu comprei essa semana um microondas, então no momento não estou precisando de nenhum eletrodoméstico ou nada de casa.

QUERO MEU DINHEIRO DE VOLTA!",,Vila Velha - ES,19/07/2024 às 09:48,--,--,Má qualidade
https://www.reclameaqui.com.br/electrolux/descaso-com-o-consumidor-pos-venda-horrivel_L77W8Ua5pJyZkONR/,Descaso com o consumidor. Pós venda horrivel,"comprei um forno eletrico no dia 12/06. o mesmo chegou com vários defeitos, liguei no sac para solicitar a troca do produto, não fui atendido como deveria ser o pós venda, sou funcionário e sei ou pensava que sabia o quanto preservam o consumidor, acionei a garantia e assistencia tecnica. O tecnico me passou a relação de peças que será necessario para o reparo, que são ISOLAÇÃO CAVIDADE FORNO ELETRICO - A16292518; GAXETA FORNO 80L-A15501801; FRONTAL FORNO 80L- A170221302; TAMPAS ESQUERDA, DIREITA, SUPERIOR E INFERIOR. ou seja o forno inteiro. Um descaso com o consumidor, fazer um reparo dessa proporção em um forno NOVO. Tenho fotos caso precisem analisar e o laudo do tecnico da assistencia tecnica",,Fazenda Rio Grande - PR,19/07/2024 às 09:16,Eletroportáteis,Forno elétrico,Má qualidade
https://www.reclameaqui.com.br/electrolux/refrigerador-na-garantia-nao-gela-usado-para-conservacao-de-medicacao_qGRp0UtBBfvS5cOn/,"Refrigerador na garantia, não gela, usado para conservação de medicação.","Prezados,

até o presente momento não foi apresentado solução, resposta e a data para troca do produto refrigerador, que esta na garantia, e já passou pela assistência técnica na data 03/07/2024, com visita no local que constatou problema no refrigerador IB54, com a necessidade de troca do produto. Foi informado para vocês, via e-mail, telefone e presencial, a necessidade deste bem essencial ser reparado urgente, sendo único na residência, equipamento é usado para a conservação de medicação. Peço atenção e resolução do problema, que também será encaminhado para PROCON, visto a ausência de resolução e resposta, consumidor está [Editado pelo Reclame Aqui].

Cliente Cristina Debage Parma não pode ficar sem a geladeira, recebe medicação do SUS para o filho, que precisa ser mantida neste refrigerador para conservação.


Estamos aguardando um solução, pois quem esta com todos prejuízos até o momento, o consumidor, Peço respeito, solução e reparo urgente.",,Ribeirão Preto - SP,19/07/2024 às 09:14,Eletrodomésticos,Geladeira-Refrigerador,Não gela
https://www.reclameaqui.com.br/electrolux/geladeira-electrolux-com-defeito-e-empresa-nao-fabrica-mais-a-peca_8IQCk4KHVfxjxETV/,Geladeira Electrolux Com Defeito e Empresa não fabrica mais a peça,"Minha geladeira tem menos de 05 anos de uso, porém apresentou defeito e não está mais gelando. Chamei técnico da assistência autorizada em minha cidade, mas o mesmo me informou que a Electrolux não fabrica mais a peça (GABINETE) que apresentou problema. Então me disseram que eu deveria ligar para a Electrolux. Estes confirmaram para mim que não fabricam mais a peça e que em até 48 horas iriam ligar para me dar uma solução, mas ninguém me ligou e agora não posso comprar comida porque não tenho como armazenar, sendo que na geladeira irá estragar. Estou a mais de 1 semana sem o aparelho funcionar e a empresa não está resolvendo nada. Um bem que era para ser durável estraga e nem tem peça para repor. Isso é um absurdo.",,São Luís - MA,19/07/2024 às 09:06,Eletrodomésticos,Geladeira-Refrigerador,Produto com defeito
https://www.reclameaqui.com.br/electrolux/descaso-com-assistencia-tecnica-na-garantia_aB93xE95k7zr94cf/,Descaso com assistência tecnica na garantia,"Comprei um forno OE8GH 80L, que ainda esta na garantia e faz dois meses que ele apresenta um defeito intermitente, a chama apaga depois de um tempo ou nem consigo ligar, pois tem o corta chamas que mesmo segurando apertado por um tempo assim que solto a chama apaga. Solicitei assistência técnica e no dia da visita não apresentou defeito paguei 70,00 por isso, então filmei o defeito e enviei para a assistência como solicitado mas agora querem cobrar de novo a visita, ligo na electrolux e não me respondem, estou sem forno a 2 meses e não resolvem meu problema, um forno caro desses me dando problemas. Protocolo *******",,Nova Odessa - SP,19/07/2024 às 09:03,Eletrodomésticos,Fogão-Forno,Assistência técnica
https://www.reclameaqui.com.br/electrolux/fogao-electrolux-modelo-fe5gp-pessimo_aEzO52sgA1XqYLHe/,Fogão Electrolux modelo FE5GP - Péssimo,"Comprei faz menos de um mês o fogão da electrolux modelo FE5GP, porém o botão de liga e desliga, esquenta muitooo todas as vezes que você liga o fogo, esquenta de uma forma que fica impossível pegar no botão sem que seja com um pano. Falta de segurança total e erro de engenharia, sem falar que a vida útil do botão, fica comprometida. O técnico da própria electrolux já veio verificar e constatou tudo que já relatei. (Protocolo aberto na electrolux 18111797)
Preciso que seja resolvido isso, não dá pra pagar mais de R$2mil reais em um fogão que você precisa pegar um pano pra desligar o fogo.",,São Luís - MA,19/07/2024 às 08:38,Eletrodomésticos,Fogão-Forno,Má qualidade
https://www.reclameaqui.com.br/electrolux/forno-microondas-descascando_mpl-GM4nB5M0_Hsn/,Forno Microondas descascando,"Possuo forno Microondas Modelo MT30S - série 81900084, fora da garantia. O produto está descascando na parte superior interna.
Entrei em contato com a Eletrolux 17/06/2024, que indicou a assistência técnica Friolar em Marília, com a seguinte resposta a peça está obsoleta, não fabrica mais
Em 08/07/2024 a Eletrolux abriu atendimento 18072996, com a finalidade de buscar melhor trativa para minha solicitação.
Até o momento, não obtive mais contato com a Eletrolux.
Pleito, uma vez que o aparelho está novo e pleno funcionamento, mesmo fora da garantia, que encontre uma solução, uma vez que o estado que se encontra pode ocasionar risco para saúde.",,Garça - SP,19/07/2024 às 08:01,Não encontrei meu problema,--,Má qualidade
https://www.reclameaqui.com.br/electrolux/maquina-de-lavar_H55Y9y9uYJoyAg4R/,Máquina de lavar,A máquina de lavar não está centrifugando,,Pinheiros - ES,19/07/2024 às 06:25,Não encontrei meu problema,Lavadora de roupas e Tanquinho,Assistência técnica
https://www.reclameaqui.com.br/electrolux/geladeira-im8s-amassa-sozinha_Ie_itGK_DsynaREa/,Geladeira IM8S Amassa sozinha,"Eletrolux.. Pare de enganar seus clientes. Pare de vender essa geladeira. Está todo mundo reclamando que ela está amassando sozinha. UMA [Editado pelo Reclame Aqui]. Que tristeza. Achei que tinha recebido um refugo. Paguei tão caro na minha. Desembalei dia 18/07/24 e está toda amassada. UM DIA DE USO APENAS. E pior, se eu quiser, tenho que pagar a Assistência que nem vai resolver. Sejam honestos. Façam um comunicado oficial. Se retratem! Tirem o produto de linha. FAÇAM ALGUMA COISA PELOS SEUS CLIENTES.

E outra.. A foto não revela tudo. Tem que ser filmado pra ver.",,Itupeva - SP,19/07/2024 às 01:57,--,--,Má qualidade
https://www.reclameaqui.com.br/electrolux/filtro-acqua-pure-saindo-sujeira_hJwGxk0snt13uqfm/,Filtro acqua pure saindo sujeira,Comprei esse filtro a menos de 1 ano e junto com a agua gelada sai umas coisas verdes que flutuam na água. Um nojo.,,São Paulo - SP,19/07/2024 às 01:11,--,--,Má qualidade
https://www.reclameaqui.com.br/electrolux/air-fryer-da-electrolux-trava-botao-analogico-e-acaba-queimando-alimentos_ECuC-J8aqSs5dadz/,Air fryer da Electrolux trava botão analógico e acaba queimando alimentos,"Em ocasião de um jantar com amigos realizado em minha casa, tive um problema com a air fryer da Electrolux Eaf50 Family 5l.

Ocorre que, eu ajustei o botão analógico do aparelho nos minutos recomendados para vegetais, e deixei o brócolis fritando durante o tempo necessário. O problema é que o botão simplesmente travou no tempo ajustado a princípio, ao ponto de ficar paralisado na mesma posição por um período demasiado longo, até que sentíssemos o cheiro do alimento queimado se espalhando pelo ambiente.

Enfim, foi uma cena vexaminosa. Visto que meus amigos são vegetarianos e os alimentos que seriam destinados justamente a eles, acabaram sendo queimados pela fritadeira de ar da Electrolux.

Sem uma alternativa melhor, tivemos que descartar o brócolis queimado e pedir uma pizza vegetariana para eles.

Diante do exposto, sinto-me bastante desapontado com a marca em questão. Sempre confiei nos produtos fabricados pela Electrolux, porém, a partir de agora vou pensar duas vezes antes de comprar um produto da Electrolux.

Quanto à empresa fabricante, solicito a reparação ou troca da air fryer, pois o produto é novo e ainda está dentro do prazo de garantia.

Sem mais.",,Jandira - SP,18/07/2024 às 22:09,Eletroportáteis,Fritadeira elétrica,Assistência técnica
https://www.reclameaqui.com.br/electrolux/problemas-com-maquina-de-lavar-nova_Fi_6ZGMSj1s8UiqG/,Problemas com máquina de lavar nova,"Boa noite,

Realizei a compra de uma máquina de lavar nas lojas cem com garantia de 1 ano.
Nos últimos dias ela apresentou defeito nas etapas de lavagem, não obedecendo o comando solicitado. ( só fica fazendo barulho de processamento e não realiza a centrifugação)
Fui orientada pela loja cem, que após 1 ano da compra deveria entrar em contato diretamente com o fabricante.
Preciso que verifiquem com urgência meu caso! A máquina está nova e sempre foi utilizada corretamente!!
Aguardo!!",,Santa Isabel - SP,18/07/2024 às 20:49,Eletrodomésticos,Lavadora de roupas e Tanquinho,Produto com defeito
https://www.reclameaqui.com.br/electrolux/airfryer-electrolux-defeito-no-visor-e-nao-esquenta-mais_AaCtiBV94s42HcZd/,Airfryer Electrolux defeito no visor e não esquenta mais.,"Comprei, na loja Amazon, a Fritadeira Elétrica sem óleo Electrolux Airfryer 3,2L digital, com 9 receitas pré-programadas, cesto removível e 1400W, modelo EAF20 127V, recomendada por Rita Lobo. Após um ano e sete meses, o botão de ligar/desligar queimou. Dois dias depois, o visor parou de funcionar completamente e o aparelho não aquece mais. Vi relatos semelhantes de outros clientes que compraram o mesmo modelo, confirmando ser um defeito recorrente.

Mesmo ciente disso, levei a Airfryer para a assistência técnica da Electrolux na minha cidade e me cobraram um valor exorbitante pelo conserto, que seria suficiente para comprar uma nova do mesmo modelo, e ainda sobraria dinheiro. Estou extremamente decepcionada com a Electrolux, pois sempre fui uma cliente fiel da marca. Praticamente todos os eletrodomésticos da minha residência são da Electrolux, mas desta vez comprei um produto que não foi durável, e o custo do conserto tornou-se impraticável. Portanto, para quem está pensando em comprar eletrodomésticos desta marca, sugiro reconsiderar, pois o custo-benefício do conserto é desfavorável e provavelmente será necessário comprar um novo aparelho.",,Belém - PA,18/07/2024 às 20:41,--,--,--
https://www.reclameaqui.com.br/electrolux/produto-com-defeito-nao-resolvido-pelo-fabricante-e-sem-retorno_g5DvhXN42bRF23vk/,Produto com defeito não resolvido pelo fabricante e sem retorno,"Em setembro de 2023 em uma loja Gazin proxima à minha cidade, comprei uma máquina de lavar da marca Electrolux Essential Care 17kg. De la para cá, a máquina apresentou diversos problemas, me deixando por muitos períodos sem poder utiliza-la. Nesses períodos a máquina já passou pela assistência técnica autorizada duas vezes, e uma infinidade de reclamações não respondidas. Nessas visitas técnicas já foi trocada placa principal, manutenção no cesto porque a máquina não funcionava. Depois a máquina começou a escapar a correia e continua fazendo um barulho muito alto e estranho. Na última visita visita técnica (08/06/2024) não foi solucionado o problema por inviabilidade técnica, ocasião em que fui informada de que haveria a substituição da maquina por outra nova. Ocorre que já se passaram 40 dias e até o momento não tive qualquer retorno. Já não sei mais o que fazer, não consigo retorno solucionando o problema, estou me sentindo [Editado pelo Reclame Aqui] e enganada por uma marca que se diz ser uma das maiores e mais conhecidas do mercado. Comprei acreditando ser um produto confiável e agora me vejo de mãos atadas, tendo que lavar roupas a mão no tanque, sem ter uma resposta, uma previsão. Um total descaso, não sei mais o que fazer.",,Ariquemes - RO,18/07/2024 às 19:36,Eletrodomésticos,Lavadora de roupas e Tanquinho,Produto com defeito
https://www.reclameaqui.com.br/electrolux/falta-de-pecas-para-reposicao-coletor-agua-pcc20_Xj7DiMlGKJY-O0Pd/,Falta de peças para reposição COLETOR ÁGUA PCC20,"Desde que adquiri a panela elétrica da eletrolux, o coletor de água (PCC20) veio quebrado, eu entrei em contato na época com a empresa e ela me disse que estava em falta. Ficaram de me ligar e dar um retorno, que dentro de no máximo 1 mês a peça chegaria. Porém passou ANOS e até hoje procuro pela peça para comprar e repor e NÃO ENCONTRO, EM NENHUM LUGAR!!!

ELETROLUX O QUE EU FAÇO??? CADÊ A PEÇA???",,Itatiba - SP,18/07/2024 às 19:19,Eletroportáteis,Panelas elétricas,Assistência técnica
https://www.reclameaqui.com.br/electrolux/falta-de-pecas-de-reposicao_kNajlU7S-TEi8fYN/,Falta de peças de reposição,"Estou desde 05 de abril de 2024 com um aparelho de ar condicionado portátil para conserto na Autorizada Tecnovision, mas a informação é de que a Electrolux não mais possui peças de reposição para o equipamento.
O técnico informou que a peça em falta é a placa de potência código a07817801 - aparelho P010F 127.
O equipamento é relativamente novo e não tem peça de reposição no mercado. Nesta semana entrei em contato com outras revendas autorizadas e tive a informação que a Electrolux descontinuou a venda dessa peça, não restando nenhuma em estoque.
Como consumidor me sinto extremamente desrespeitado, pois comprei um equipamento de uma empresa de renome, mas que simplesmente não coloca peças de reposição no mercado. E agora, o que faço? Jogo o aparelho no lixo e tenho que comprar um novo? Verdadeiro absurdo, com ferimento ao artigo 32 do Código de Defesa do Consumidor (CDC).",,São Paulo - SP,18/07/2024 às 19:15,Eletrodomésticos,Ar condicionado,Produto com defeito
https://www.reclameaqui.com.br/electrolux/tampa-da-panela-de-pressao-rita-lobo_03GkY_o3T5IxfH4y/,TAMPA DA PANELA DE PRESSÃO RITA LOBO,"Boa noite!

Comprei a panela de pressão tem no máximo 3 meses e no primeiro uso o cabo da tampa esquentou e saia vapor pelas bordas do cabo.

Desligamos a panela, esperamos um tempo e colocamos para funcionar novamente e infelizmente continuou saindo vapor pelas bordas do cabo.

Fomos até a loja onde compramos e trocamos.

Usando pela segunda vez, aconteceu a mesma coisa e pior: o cabo chegou a derreter.
Liguei na Electrolux e me passaram que tem um ano de garantia e que eu poderia levar na assistencia tecnica.

Levei na assistencia tecnica com todos os acessorios e eles me passaram que iria ser trocada toda a tampa.
Ficou uns 10 dias na aasistencia e fui buscar hoje.

Hoje mesmo fui fazer carne de panela pro nosso almoço e o cabo esquentou novamente, saiu vapor pelas bordas do cabo e mais uma vez o cabo chega a descolar!!!

Esperamos meses para comprar essa panela..inclusive é a mais cara! Preciso de um retorno porque sem panela de pressão não vou ficar e aceitar assim tambem não!!

Aguardo retorno.

Grato.",,Guaíba - RS,18/07/2024 às 19:04,Eletroportáteis,Panelas elétricas,Produto com defeito
https://www.reclameaqui.com.br/electrolux/panela-eletrica-soltando-tinta-no-arroz_vfy-bxe6xXNI9y4g/,Panela eletrica soltando tinta no arroz,Comprei uma penela elétrica de arroz em fevereiro e ela está soltando uma tinta preta no arroz. Essa panela é da minha Rita Lobo fiquei super decepcionado com a panela,,São José dos Campos - SP,18/07/2024 às 18:53,Não encontrei meu problema,Panelas elétricas,Produto com defeito
https://www.reclameaqui.com.br/electrolux/maquina-de-lavar-loucas-demora-para-fazer-o-processo-de-lavagem-completo_-5QBDPBSLzSYtBoo/,Máquina de lavar louças demora para fazer o processo de lavagem completo,"Comprei uma lava louças em 22/09/2023. Entrei em contato pelo site reclamando da demora da lavagem (6 horas) para fazer o processo completo. Mandaram um técnico da região em 24/04/2024. Este não achou defeito, mas não esperou a máquina fazer o ciclo completo.
Entrei em contato novamente e uma pessoa da empresa me disse que estava levando o meu caso para a área de engenharia da empresa.
Hoje, dia 18/07/2024, ainda não tive retorno da empresa.",,São Paulo - SP,18/07/2024 às 18:47,--,--,--
